Cluster,Category_Bamboos,Category_Bromeliads,Category_Cacti & Succulents,Category_Climbers,Category_Creepers & Vines,Category_Ferns,Category_Flowering Pot Plants,Category_Fruit Plants,Category_Grasses & Grass like plants,Category_Groundcovers,Category_Indoor Plants,Category_Lilies & Bulbous plants,Category_Medicinal Plants,Category_Orchids,Category_Palms and Cycads,Category_Rose Climbers,Category_Rose Floribundas,Category_Rose Hybrid Teas,Category_Rose Miniatures,Category_Shrubs,Category_Spice plants & edible Herbs,Category_Terrific Tropicals  The Ideal Gifts,Category_Trees,Category_Vegetable,Category_Water & Aquatic Plants,Category_lawns,Light_Low light tolerant,Light_Semi shade,Light_Shade growing,Light_Sun growing,Water_Can tolerate less,Water_Can tolerate more,Water_Normal,Water_Requires less,Water_Requires more,Primary_Grown_for_Flowers,Primary_Grown_for_Foliage,Primary_Grown_for_Fruit or Seed,Primary_Grown_for_Roots or tubers,Primary_Grown_for_Stems or Timber,Flowering_Season_April,Flowering_Season_August,Flowering_Season_December,Flowering_Season_February,Flowering_Season_Flowers are inconspicuous,Flowering_Season_Flowers in flushes throughout the year,Flowering_Season_Flowers once in many years,Flowering_Season_January,Flowering_Season_July,Flowering_Season_June,Flowering_Season_March,Flowering_Season_May,Flowering_Season_Non Flowering,Flowering_Season_November,Flowering_Season_October,Flowering_Season_September,Flowering_Season_Year-around flowering,Foliage_Color_Blue,Foliage_Color_Blue Grey or Silver,Foliage_Color_Bronze or coppery,Foliage_Color_Brown,Foliage_Color_Cream or off white,Foliage_Color_Green,Foliage_Color_Orange,Foliage_Color_Pink,Foliage_Color_Purple,Foliage_Color_Red,Foliage_Color_Variegated,Foliage_Color_Very dark green almost black,Foliage_Color_White,Foliage_Color_Yellow,Height_or_Length_1 to 2 meters,Height_or_Length_2 to 4 meters,Height_or_Length_4 to 6 meters,Height_or_Length_50 cms to 100 cms,Height_or_Length_6 to 8 meters,Height_or_Length_8 to 12 meters,Height_or_Length_Less than 50 cms,Height_or_Length_More than 12 meters,Spread_or_Width_1 to 2 meters,Spread_or_Width_2 to 4 meters,Spread_or_Width_4 to 6 meters,Spread_or_Width_50 cms to 100 cms,Spread_or_Width_6 to 8 meters,Spread_or_Width_8 to 12 meters,Spread_or_Width_Less than 50 cms,Spread_or_Width_More than 12 meters,Plant_Form_Climbing or growing on support,Plant_Form_Columnar,Plant_Form_Irregular,Plant_Form_Low spreading,Plant_Form_Oval,Plant_Form_Pyramidal,Plant_Form_Spherical or rounded,Plant_Form_Spreading,Plant_Form_Upright or Erect,Plant_Form_Weeping
0,0.022727272727272728,0.0,0.5227272727272727,0.0,0.0,0.0,0.022727272727272728,0.0,0.022727272727272728,0.6818181818181818,0.36363636363636365,0.022727272727272728,0.045454545454545456,0.0,0.0,0.0,0.0,0.0,0.0,0.11363636363636363,0.045454545454545456,0.0,0.022727272727272728,0.045454545454545456,0.06818181818181818,0.0,0.09090909090909091,0.9090909090909091,0.20454545454545456,0.7272727272727273,0.1590909090909091,0.022727272727272728,0.5,0.45454545454545453,0.09090909090909091,0.022727272727272728,0.9318181818181818,0.0,0.045454545454545456,0.0,0.2727272727272727,0.045454545454545456,0.06818181818181818,0.09090909090909091,0.8636363636363636,0.022727272727272728,0.0,0.09090909090909091,0.022727272727272728,0.06818181818181818,0.29545454545454547,0.2727272727272727,0.0,0.06818181818181818,0.045454545454545456,0.06818181818181818,0.0,0.0,0.25,0.022727272727272728,0.045454545454545456,0.1590909090909091,0.7954545454545454,0.045454545454545456,0.11363636363636363,0.022727272727272728,0.20454545454545456,0.3409090909090909,0.022727272727272728,0.2727272727272727,0.06818181818181818,0.0,0.0,0.0,0.0,0.0,0.0,1.0,0.0,0.022727272727272728,0.0,0.0,0.0,0.0,0.0,0.9772727272727273,0.0,0.0,0.045454545454545456,0.0,0.1590909090909091,0.022727272727272728,0.0,0.11363636363636363,0.6590909090909091,0.29545454545454547,0.0
1,0.058823529411764705,0.0,0.058823529411764705,0.0,0.0,0.0,0.0,0.0,0.058823529411764705,0.4411764705882353,0.3235294117647059,0.0,0.14705882352941177,0.0,0.0,0.0,0.0,0.0,0.0,0.9705882352941176,0.029411764705882353,0.0,0.17647058823529413,0.0,0.08823529411764706,0.0,0.0,1.0,0.3235294117647059,0.8823529411764706,0.6176470588235294,0.9705882352941176,1.0,0.0,0.0,0.0,1.0,0.0,0.0,0.0,0.0,0.0,0.0,0.0,0.35294117647058826,0.9705882352941176,0.0,0.0,0.0,0.0,0.0,0.0,0.0,0.0,0.0,0.0,0.9411764705882353,0.0,0.029411764705882353,0.029411764705882353,0.0,0.08823529411764706,0.9705882352941176,0.0,0.029411764705882353,0.029411764705882353,0.0,0.5294117647058824,0.0,0.29411764705882354,0.20588235294117646,0.35294117647058826,0.6176470588235294,0.0,0.0,0.0,0.0,0.029411764705882353,0.0,0.8235294117647058,0.08823529411764706,0.0,0.08823529411764706,0.0,0.0,0.0,0.0,0.0,0.0,0.11764705882352941,0.0,0.0,0.0,0.029411764705882353,0.7941176470588235,0.8529411764705882,0.0
2,0.009433962264150943,0.0,0.02830188679245283,0.0,0.0,0.0,0.41509433962264153,0.0,0.009433962264150943,0.8018867924528302,0.009433962264150943,0.018867924528301886,0.1320754716981132,0.009433962264150943,0.0,0.0,0.0,0.0,0.0,0.8113207547169812,0.0,0.0,0.009433962264150943,0.0,0.1320754716981132,0.0,0.0,0.9433962264150944,0.07547169811320754,0.9622641509433962,0.3584905660377358,0.4528301886792453,0.9716981132075472,0.009433962264150943,0.018867924528301886,0.9056603773584906,0.07547169811320754,0.02830188679245283,0.0,0.0,0.0,0.0,0.0,0.0,0.018867924528301886,0.8679245283018868,0.0,0.0,0.0,0.0,0.0,0.0,0.0,0.0,0.0,0.0,1.0,0.0,0.03773584905660377,0.0,0.0,0.009433962264150943,0.9811320754716981,0.0,0.0,0.02830188679245283,0.02830188679245283,0.04716981132075472,0.0,0.02830188679245283,0.0,0.0,0.0,0.0,1.0,0.0,0.0,0.0,0.0,0.04716981132075472,0.009433962264150943,0.0,0.8584905660377359,0.0,0.0,0.07547169811320754,0.0,0.0,0.0,0.02830188679245283,0.009433962264150943,0.009433962264150943,0.0,0.1320754716981132,0.5283018867924528,0.6698113207547169,0.009433962264150943
3,0.0,0.0,0.0,1.0,1.0,0.0,0.028169014084507043,0.0,0.0,0.16901408450704225,0.0,0.0,0.056338028169014086,0.014084507042253521,0.0,0.0,0.0,0.0,0.0,0.39436619718309857,0.0,0.0,0.014084507042253521,0.056338028169014086,0.014084507042253521,0.0,0.0,0.9295774647887324,0.07042253521126761,0.971830985915493,0.19718309859154928,0.6901408450704225,0.9859154929577465,0.0,0.014084507042253521,0.8450704225352113,0.1267605633802817,0.04225352112676056,0.0,0.0,0.0,0.0,0.0,0.0,0.0,1.0,0.0,0.0,0.0,0.0,0.0,0.0,0.0,0.0,0.0,0.0,0.9859154929577465,0.0,0.014084507042253521,0.0,0.0,0.04225352112676056,1.0,0.0,0.0,0.014084507042253521,0.0,0.11267605633802817,0.0,0.07042253521126761,0.014084507042253521,0.04225352112676056,0.28169014084507044,0.15492957746478872,0.04225352112676056,0.2112676056338028,0.056338028169014086,0.028169014084507043,0.18309859154929578,0.07042253521126761,0.04225352112676056,0.0,0.0,0.028169014084507043,0.014084507042253521,0.0,0.0,0.9014084507042254,0.014084507042253521,0.028169014084507043,0.08450704225352113,0.0,0.0,0.0,0.028169014084507043,0.0,0.0
4,0.0,0.0,0.0,0.0,0.0,0.0,0.0,0.0,0.0,0.01694915254237288,0.3898305084745763,0.0,0.1016949152542373,0.0,0.01694915254237288,0.0,0.0,0.0,0.0,0.8983050847457628,0.03389830508474576,0.0,1.0,0.0,0.03389830508474576,0.0,0.0,0.8983050847457628,0.4067796610169492,0.9661016949152542,0.6779661016949152,0.9322033898305084,0.9830508474576272,0.0,0.01694915254237288,0.0,0.9322033898305084,0.06779661016949153,0.0,0.01694915254237288,0.01694915254237288,0.01694915254237288,0.01694915254237288,0.0,0.9322033898305084,0.03389830508474576,0.0,0.01694915254237288,0.0,0.0,0.01694915254237288,0.01694915254237288,0.0,0.03389830508474576,0.03389830508474576,0.03389830508474576,0.05084745762711865,0.01694915254237288,0.0847457627118644,0.0847457627118644,0.01694915254237288,0.03389830508474576,0.9661016949152542,0.0,0.01694915254237288,0.0,0.01694915254237288,0.15254237288135594,0.03389830508474576,0.05084745762711865,0.13559322033898305,0.03389830508474576,0.05084745762711865,0.1864406779661017,0.0,0.22033898305084745,0.1694915254237288,0.0,0.3389830508474576,0.11864406779661017,0.0,0.3898305084745763,0.05084745762711865,0.1864406779661017,0.11864406779661017,0.0,0.13559322033898305,0.0,0.06779661016949153,0.1694915254237288,0.0,0.0,0.03389830508474576,0.22033898305084745,0.3220338983050847,0.6101694915254238,0.1694915254237288
5,0.014492753623188406,0.014492753623188406,0.043478260869565216,0.0,0.0,0.0,0.014492753623188406,0.0,0.014492753623188406,0.11594202898550725,0.8405797101449275,0.0,0.0,0.0,0.043478260869565216,0.0,0.0,0.0,0.0,0.8115942028985508,0.0,0.0,0.0,0.0,0.028985507246376812,0.0,0.08695652173913043,0.9855072463768116,0.43478260869565216,0.7391304347826086,0.2028985507246377,0.6521739130434783,0.927536231884058,0.0,0.07246376811594203,0.0,1.0,0.0,0.0,0.0,0.014492753623188406,0.0,0.0,0.0,1.0,0.014492753623188406,0.014492753623188406,0.0,0.0,0.0,0.014492753623188406,0.014492753623188406,0.0,0.014492753623188406,0.014492753623188406,0.014492753623188406,0.014492753623188406,0.0,0.0,0.028985507246376812,0.043478260869565216,0.17391304347826086,0.9420289855072463,0.028985507246376812,0.13043478260869565,0.08695652173913043,0.21739130434782608,0.5652173913043478,0.0,0.17391304347826086,0.2753623188405797,0.9420289855072463,0.0,0.0,0.057971014492753624,0.0,0.0,0.0,0.0,0.0,0.0,0.014492753623188406,0.8695652173913043,0.0,0.0,0.11594202898550725,0.0,0.0,0.0,0.043478260869565216,0.0,0.043478260869565216,0.0,0.043478260869565216,0.10144927536231885,0.9420289855072463,0.0
6,0.0,0.0,0.0,0.0,0.0,0.0,0.0,0.7058823529411765,0.0,0.0,0.0,0.0,0.6470588235294118,0.0,0.1568627450980392,0.0,0.0,0.0,0.0,0.0196078431372549,0.0,0.0,0.9803921568627451,0.11764705882352941,0.0,0.0,0.0,0.5490196078431373,0.0196078431372549,0.9803921568627451,0.7254901960784313,0.9019607843137255,1.0,0.0,0.0,0.058823529411764705,0.17647058823529413,0.7843137254901961,0.0,0.0196078431372549,0.0392156862745098,0.0,0.19607843137254902,0.6862745098039216,0.7058823529411765,0.21568627450980393,0.0196078431372549,0.6274509803921569,0.0392156862745098,0.0392156862745098,0.43137254901960786,0.0,0.0,0.1568627450980392,0.0196078431372549,0.0,0.19607843137254902,0.0,0.0196078431372549,0.0,0.0,0.0,1.0,0.0,0.0196078431372549,0.0,0.0196078431372549,0.0,0.0,0.0,0.0196078431372549,0.0,0.0,0.0392156862745098,0.0,0.0784313725490196,0.0392156862745098,0.0,0.8431372549019608,0.0,0.0392156862745098,0.09803921568627451,0.0,0.13725490196078433,0.21568627450980393,0.0,0.49019607843137253,0.0196078431372549,0.0196078431372549,0.0392156862745098,0.0,0.0392156862745098,0.0196078431372549,0.43137254901960786,0.3333333333333333,0.5294117647058824,0.0
7,0.031746031746031744,0.0,0.015873015873015872,0.0,0.0,0.0,0.07936507936507936,0.031746031746031744,0.031746031746031744,0.38095238095238093,0.09523809523809523,0.2698412698412698,0.23809523809523808,0.07936507936507936,0.0,0.0,0.0,0.0,0.0,0.5555555555555556,0.015873015873015872,0.0,0.14285714285714285,0.031746031746031744,0.12698412698412698,0.0,0.0,0.9047619047619048,0.14285714285714285,0.8888888888888888,0.2857142857142857,0.7142857142857143,0.8888888888888888,0.0,0.1111111111111111,0.8571428571428571,0.12698412698412698,0.031746031746031744,0.0,0.0,0.8571428571428571,0.6507936507936508,0.0,0.15873015873015872,0.031746031746031744,0.015873015873015872,0.0,0.015873015873015872,0.8253968253968254,0.9206349206349206,0.6666666666666666,0.9206349206349206,0.0,0.031746031746031744,0.1111111111111111,0.3968253968253968,0.0,0.0,0.0,0.0,0.031746031746031744,0.015873015873015872,0.9841269841269841,0.0,0.0,0.015873015873015872,0.0,0.07936507936507936,0.0,0.047619047619047616,0.015873015873015872,0.3333333333333333,0.1746031746031746,0.0,0.30158730158730157,0.0,0.047619047619047616,0.1111111111111111,0.031746031746031744,0.4126984126984127,0.047619047619047616,0.015873015873015872,0.36507936507936506,0.015873015873015872,0.047619047619047616,0.09523809523809523,0.0,0.0,0.015873015873015872,0.1111111111111111,0.0,0.0,0.0,0.1111111111111111,0.6984126984126984,0.5873015873015873,0.0
8,0.18181818181818182,0.025974025974025976,0.03896103896103896,0.0,0.0,0.0,0.025974025974025976,0.025974025974025976,0.18181818181818182,0.6363636363636364,0.42857142857142855,0.025974025974025976,0.1038961038961039,0.0,0.012987012987012988,0.0,0.0,0.0,0.0,0.7012987012987013,0.05194805194805195,0.0,0.0,0.025974025974025976,0.12987012987012986,0.0,0.012987012987012988,0.987012987012987,0.3116883116883117,0.961038961038961,0.4025974025974026,0.7922077922077922,0.974025974025974,0.0,0.025974025974025976,0.012987012987012988,0.935064935064935,0.06493506493506493,0.012987012987012988,0.0,0.012987012987012988,0.03896103896103896,0.07792207792207792,0.09090909090909091,0.922077922077922,0.16883116883116883,0.0,0.07792207792207792,0.025974025974025976,0.025974025974025976,0.012987012987012988,0.0,0.0,0.03896103896103896,0.025974025974025976,0.025974025974025976,0.12987012987012986,0.0,0.05194805194805195,0.05194805194805195,0.03896103896103896,0.06493506493506493,0.8831168831168831,0.05194805194805195,0.06493506493506493,0.11688311688311688,0.1038961038961039,0.3246753246753247,0.03896103896103896,0.15584415584415584,0.18181818181818182,0.025974025974025976,0.0,0.0,0.948051948051948,0.0,0.0,0.025974025974025976,0.0,0.012987012987012988,0.0,0.012987012987012988,0.9090909090909091,0.012987012987012988,0.0,0.03896103896103896,0.0,0.012987012987012988,0.0,0.0,0.03896103896103896,0.025974025974025976,0.0,0.14285714285714285,0.7142857142857143,0.38961038961038963,0.03896103896103896
9,0.0,0.0,0.0,0.0,0.0,0.0,0.0,0.0,0.0,0.0,0.031746031746031744,0.0,0.09523809523809523,0.0,0.0,0.0,0.0,0.0,0.0,0.873015873015873,0.015873015873015872,0.0,1.0,0.015873015873015872,0.047619047619047616,0.0,0.0,0.9841269841269841,0.015873015873015872,1.0,0.9206349206349206,0.9682539682539683,1.0,0.0,0.0,0.9841269841269841,0.031746031746031744,0.015873015873015872,0.0,0.0,0.0,0.0,0.0,0.0,0.0,0.9682539682539683,0.0,0.0,0.0,0.0,0.0,0.0,0.0,0.0,0.0,0.0,1.0,0.0,0.015873015873015872,0.0,0.0,0.031746031746031744,0.9682539682539683,0.0,0.0,0.0,0.0,0.031746031746031744,0.015873015873015872,0.015873015873015872,0.0,0.0,0.0,0.015873015873015872,0.0,0.8412698412698413,0.12698412698412698,0.0,0.015873015873015872,0.0,0.0,0.2222222222222222,0.0,0.7619047619047619,0.0,0.0,0.015873015873015872,0.0,0.015873015873015872,0.0,0.0,0.015873015873015872,0.0,0.031746031746031744,0.873015873015873,0.9682539682539683,0.047619047619047616
10,0.0,0.0,0.0,0.0,0.0,0.0,0.06779661016949153,0.0,0.0,0.0,0.0,0.01694915254237288,0.0,0.0,0.0,0.0,0.864406779661017,0.0,0.0,0.01694915254237288,0.0,0.0,0.0,0.03389830508474576,0.01694915254237288,0.0,0.0,0.01694915254237288,0.0,1.0,0.01694915254237288,0.0,0.9830508474576272,0.0,0.01694915254237288,0.9661016949152542,0.01694915254237288,0.01694915254237288,0.0,0.0,0.0,0.0,0.0,0.0,0.0,0.9152542372881356,0.0,0.0,0.0,0.0,0.0,0.0,0.0,0.0,0.0,0.0,1.0,0.0,0.01694915254237288,0.0,0.0,0.0,1.0,0.0,0.0,0.0,0.0,0.0,0.0,0.0,0.0,0.0,0.0,0.0,1.0,0.0,0.0,0.0,0.0,0.0,0.0,0.0,0.9322033898305084,0.0,0.0,0.06779661016949153,0.0,0.0,0.0,0.0,0.06779661016949153,0.0,0.0,0.0,0.8135593220338984,0.9491525423728814,0.0
11,0.0,0.0,0.02586206896551724,0.07758620689655173,0.07758620689655173,0.0,0.017241379310344827,0.008620689655172414,0.0,0.017241379310344827,0.017241379310344827,0.0,0.04310344827586207,0.0,0.0,0.0,0.0,0.0,0.0,0.9741379310344828,0.0,0.0,0.3448275862068966,0.017241379310344827,0.008620689655172414,0.0,0.0,0.9568965517241379,0.05172413793103448,0.9913793103448276,0.5086206896551724,0.8362068965517241,0.9741379310344828,0.017241379310344827,0.008620689655172414,0.9482758620689655,0.06896551724137931,0.017241379310344827,0.0,0.017241379310344827,0.0,0.0,0.008620689655172414,0.0,0.008620689655172414,0.9827586206896551,0.0,0.0,0.0,0.0,0.0,0.0,0.0,0.0,0.0,0.0,0.9913793103448276,0.0,0.0,0.008620689655172414,0.0,0.008620689655172414,0.9913793103448276,0.0,0.008620689655172414,0.008620689655172414,0.008620689655172414,0.017241379310344827,0.0,0.008620689655172414,0.017241379310344827,0.0,0.8620689655172413,0.1206896551724138,0.0,0.008620689655172414,0.008620689655172414,0.0,0.0,0.46551724137931033,0.49137931034482757,0.034482758620689655,0.0,0.0,0.0,0.008620689655172414,0.0,0.0,0.0,0.13793103448275862,0.008620689655172414,0.017241379310344827,0.0,0.017241379310344827,0.5172413793103449,0.853448275862069,0.05172413793103448
12,0.0,0.0,0.045454545454545456,0.030303030303030304,0.030303030303030304,0.0,0.0,0.5151515151515151,0.0,0.0,0.0,0.0,0.3181818181818182,0.015151515151515152,0.015151515151515152,0.10606060606060606,0.0,0.0,0.0,0.19696969696969696,0.030303030303030304,0.0,0.5454545454545454,0.24242424242424243,0.0,0.0,0.0,0.3181818181818182,0.0,1.0,0.16666666666666666,0.3333333333333333,0.9696969696969697,0.030303030303030304,0.0,0.16666666666666666,0.16666666666666666,0.6666666666666666,0.0,0.0,0.015151515151515152,0.015151515151515152,0.0,0.015151515151515152,0.15151515151515152,0.8484848484848485,0.0,0.0,0.015151515151515152,0.0,0.015151515151515152,0.0,0.0,0.0,0.0,0.015151515151515152,0.8787878787878788,0.0,0.0,0.0,0.015151515151515152,0.030303030303030304,1.0,0.0,0.0,0.0,0.0,0.030303030303030304,0.0,0.0,0.015151515151515152,0.13636363636363635,0.16666666666666666,0.2727272727272727,0.030303030303030304,0.25757575757575757,0.045454545454545456,0.0,0.09090909090909091,0.06060606060606061,0.24242424242424243,0.25757575757575757,0.09090909090909091,0.015151515151515152,0.07575757575757576,0.07575757575757576,0.030303030303030304,0.18181818181818182,0.0,0.13636363636363635,0.030303030303030304,0.015151515151515152,0.0,0.015151515151515152,0.18181818181818182,0.7272727272727273,0.045454545454545456
13,0.014705882352941176,0.0,0.0,0.007352941176470588,0.007352941176470588,0.0,0.022058823529411766,0.0,0.014705882352941176,0.1323529411764706,0.03676470588235294,0.0,0.051470588235294115,0.0,0.007352941176470588,0.0,0.0,0.0,0.0,0.9926470588235294,0.0,0.0,0.007352941176470588,0.0,0.007352941176470588,0.0,0.0,0.9705882352941176,0.04411764705882353,0.9779411764705882,0.8014705882352942,0.7867647058823529,0.9779411764705882,0.007352941176470588,0.007352941176470588,0.9779411764705882,0.029411764705882353,0.014705882352941176,0.0,0.0,0.0,0.007352941176470588,0.0,0.0,0.022058823529411766,0.9779411764705882,0.007352941176470588,0.0,0.0,0.0,0.0,0.0,0.0,0.0,0.007352941176470588,0.007352941176470588,0.9779411764705882,0.0,0.022058823529411766,0.007352941176470588,0.0,0.022058823529411766,0.9779411764705882,0.0,0.014705882352941176,0.0,0.014705882352941176,0.04411764705882353,0.0,0.029411764705882353,0.0,0.9926470588235294,0.0,0.0,0.0,0.007352941176470588,0.0,0.0,0.0,0.9779411764705882,0.014705882352941176,0.007352941176470588,0.0,0.0,0.0,0.0,0.0,0.0,0.0,0.058823529411764705,0.0,0.0,0.0,0.08823529411764706,0.8823529411764706,0.8235294117647058,0.022058823529411766
14,0.07142857142857142,0.0,0.08928571428571429,0.0,0.0,0.0,0.0,0.10714285714285714,0.07142857142857142,0.10714285714285714,0.08928571428571429,0.05357142857142857,0.10714285714285714,0.0,0.05357142857142857,0.0,0.0,0.0,0.0,0.8214285714285714,0.017857142857142856,0.0,0.4642857142857143,0.017857142857142856,0.017857142857142856,0.0,0.0,0.8571428571428571,0.17857142857142858,0.9821428571428571,0.5357142857142857,0.75,0.9285714285714286,0.03571428571428571,0.03571428571428571,0.6785714285714286,0.21428571428571427,0.10714285714285714,0.0,0.0,0.5357142857142857,0.9285714285714286,0.05357142857142857,0.21428571428571427,0.10714285714285714,0.05357142857142857,0.0,0.08928571428571429,0.9464285714285714,0.8928571428571429,0.42857142857142855,0.6428571428571429,0.0,0.19642857142857142,0.6785714285714286,0.8392857142857143,0.0,0.0,0.05357142857142857,0.0,0.0,0.03571428571428571,0.9821428571428571,0.0,0.0,0.017857142857142856,0.017857142857142856,0.03571428571428571,0.0,0.017857142857142856,0.017857142857142856,0.08928571428571429,0.3392857142857143,0.32142857142857145,0.07142857142857142,0.05357142857142857,0.017857142857142856,0.05357142857142857,0.05357142857142857,0.16071428571428573,0.5,0.05357142857142857,0.08928571428571429,0.05357142857142857,0.05357142857142857,0.05357142857142857,0.0,0.03571428571428571,0.017857142857142856,0.17857142857142858,0.0,0.0,0.0,0.07142857142857142,0.5535714285714286,0.8214285714285714,0.017857142857142856
15,0.0,0.4782608695652174,0.0,0.0,0.0,0.0,0.43478260869565216,0.0,0.0,0.10869565217391304,0.5652173913043478,0.0,0.0,0.391304347826087,0.0,0.0,0.0,0.0,0.0,0.043478260869565216,0.0,0.32608695652173914,0.0,0.0,0.0,0.0,0.021739130434782608,1.0,0.6304347826086957,0.06521739130434782,0.043478260869565216,0.15217391304347827,0.15217391304347827,0.0,0.8478260869565217,0.9565217391304348,0.06521739130434782,0.0,0.0,0.0,0.13043478260869565,0.0,0.0,0.021739130434782608,0.0,0.8260869565217391,0.043478260869565216,0.021739130434782608,0.0,0.021739130434782608,0.13043478260869565,0.13043478260869565,0.0,0.0,0.0,0.0,0.43478260869565216,0.0,0.043478260869565216,0.021739130434782608,0.043478260869565216,0.021739130434782608,1.0,0.0,0.0,0.021739130434782608,0.0,0.08695652173913043,0.0,0.043478260869565216,0.021739130434782608,0.0,0.0,0.0,0.17391304347826086,0.0,0.0,0.8260869565217391,0.0,0.0,0.0,0.0,0.0,0.0,0.0,1.0,0.0,0.0,0.0,0.0,0.0,0.021739130434782608,0.0,0.021739130434782608,0.7608695652173914,0.43478260869565216,0.0
16,0.20224719101123595,0.06741573033707865,0.02247191011235955,0.011235955056179775,0.011235955056179775,0.011235955056179775,0.02247191011235955,0.0,0.20224719101123595,0.9550561797752809,0.4606741573033708,0.0,0.033707865168539325,0.011235955056179775,0.0,0.0,0.0,0.0,0.0,0.011235955056179775,0.0449438202247191,0.0,0.0,0.011235955056179775,0.033707865168539325,0.10112359550561797,0.02247191011235955,0.9438202247191011,0.5955056179775281,0.6292134831460674,0.10112359550561797,0.4044943820224719,0.9662921348314607,0.011235955056179775,0.033707865168539325,0.02247191011235955,0.9550561797752809,0.011235955056179775,0.011235955056179775,0.0,0.02247191011235955,0.0449438202247191,0.033707865168539325,0.0449438202247191,0.898876404494382,0.16853932584269662,0.0,0.033707865168539325,0.0449438202247191,0.033707865168539325,0.02247191011235955,0.033707865168539325,0.011235955056179775,0.011235955056179775,0.011235955056179775,0.033707865168539325,0.12359550561797752,0.0,0.10112359550561797,0.033707865168539325,0.0898876404494382,0.0898876404494382,0.8876404494382022,0.0,0.11235955056179775,0.0898876404494382,0.15730337078651685,0.42696629213483145,0.0,0.1797752808988764,0.056179775280898875,0.0,0.011235955056179775,0.0,0.011235955056179775,0.0,0.0,0.9775280898876404,0.0,0.011235955056179775,0.011235955056179775,0.0,0.4943820224719101,0.0,0.0,0.47191011235955055,0.0,0.011235955056179775,0.0,0.0,0.6741573033707865,0.02247191011235955,0.0,0.033707865168539325,0.24719101123595505,0.011235955056179775,0.033707865168539325
17,0.01818181818181818,0.0,0.07272727272727272,0.0,0.0,0.0,0.38181818181818183,0.0,0.01818181818181818,0.41818181818181815,0.01818181818181818,0.0,0.2909090909090909,0.0,0.0,0.0,0.0,0.0,0.0,0.36363636363636365,0.05454545454545454,0.0,0.3090909090909091,0.05454545454545454,0.01818181818181818,0.0,0.0,0.7454545454545455,0.0,1.0,0.36363636363636365,0.32727272727272727,0.9818181818181818,0.01818181818181818,0.0,0.8,0.21818181818181817,0.0,0.0,0.0,0.09090909090909091,0.3090909090909091,0.9454545454545454,0.7272727272727273,0.05454545454545454,0.01818181818181818,0.0,0.8363636363636363,0.09090909090909091,0.09090909090909091,0.34545454545454546,0.05454545454545454,0.0,0.9818181818181818,0.8,0.5272727272727272,0.0,0.0,0.05454545454545454,0.0,0.0,0.01818181818181818,0.9636363636363636,0.0,0.01818181818181818,0.03636363636363636,0.03636363636363636,0.01818181818181818,0.0,0.01818181818181818,0.01818181818181818,0.05454545454545454,0.09090909090909091,0.09090909090909091,0.32727272727272727,0.05454545454545454,0.14545454545454545,0.18181818181818182,0.05454545454545454,0.03636363636363636,0.12727272727272726,0.09090909090909091,0.2727272727272727,0.10909090909090909,0.05454545454545454,0.2909090909090909,0.01818181818181818,0.0,0.0,0.01818181818181818,0.03636363636363636,0.01818181818181818,0.0,0.16363636363636364,0.5272727272727272,0.6909090909090909,0.01818181818181818
18,0.03389830508474576,0.0,0.01694915254237288,0.9152542372881356,0.9152542372881356,0.01694915254237288,0.0,0.03389830508474576,0.03389830508474576,0.6101694915254238,0.711864406779661,0.0,0.1016949152542373,0.0,0.01694915254237288,0.0,0.0,0.0,0.0,0.13559322033898305,0.05084745762711865,0.0,0.0,0.0,0.0847457627118644,0.0,0.05084745762711865,0.9661016949152542,0.8135593220338984,0.423728813559322,0.1694915254237288,0.8983050847457628,0.9830508474576272,0.0,0.01694915254237288,0.0,0.9830508474576272,0.01694915254237288,0.0,0.0,0.0,0.01694915254237288,0.03389830508474576,0.01694915254237288,0.9152542372881356,0.1016949152542373,0.03389830508474576,0.01694915254237288,0.0,0.0,0.0,0.0,0.01694915254237288,0.03389830508474576,0.0,0.01694915254237288,0.05084745762711865,0.0,0.03389830508474576,0.01694915254237288,0.05084745762711865,0.1016949152542373,0.9661016949152542,0.0,0.0847457627118644,0.05084745762711865,0.03389830508474576,0.3050847457627119,0.0,0.1864406779661017,0.13559322033898305,0.0847457627118644,0.5084745762711864,0.03389830508474576,0.03389830508474576,0.0847457627118644,0.1016949152542373,0.0,0.15254237288135594,0.01694915254237288,0.03389830508474576,0.0,0.03389830508474576,0.0,0.0,0.0,0.0,0.9661016949152542,0.0,0.0,0.03389830508474576,0.0,0.0,0.0,0.01694915254237288,0.03389830508474576,0.0
19,0.0,0.0,0.0,1.0,1.0,0.0,0.0,0.0,0.0,0.0,0.0,0.0,0.0,0.0,0.0,0.0,0.0,0.0,0.0,1.0,0.0,0.0,0.0,0.0,0.0,0.0,0.0,0.0,0.0,1.0,0.02702702702702703,0.972972972972973,0.02702702702702703,0.972972972972973,0.0,1.0,0.0,0.0,0.0,0.0,0.0,0.0,0.0,0.0,0.0,1.0,0.0,0.0,0.0,0.0,0.0,0.0,0.0,0.0,0.0,0.0,1.0,0.0,0.0,0.0,0.0,0.0,1.0,0.0,0.0,0.0,0.0,0.24324324324324326,0.0,0.1891891891891892,0.05405405405405406,0.08108108108108109,0.43243243243243246,0.16216216216216217,0.0,0.0,0.24324324324324326,0.0,0.08108108108108109,0.10810810810810811,0.08108108108108109,0.21621621621621623,0.0,0.0,0.0,0.0,0.0,0.7837837837837838,0.0,0.972972972972973,0.0,0.0,0.0,0.0,0.9459459459459459,0.0,0.0
20,0.018518518518518517,0.07407407407407407,0.0,0.0,0.0,0.0,0.037037037037037035,0.0,0.018518518518518517,0.5370370370370371,0.9074074074074074,0.0,0.0,0.0,0.0,0.0,0.0,0.0,0.0,0.2037037037037037,0.0,0.0,0.0,0.0,0.07407407407407407,0.0,0.24074074074074073,1.0,1.0,0.018518518518518517,0.0,0.5,0.9259259259259259,0.0,0.07407407407407407,0.0,1.0,0.0,0.0,0.0,0.018518518518518517,0.037037037037037035,0.0,0.0,0.9259259259259259,0.09259259259259259,0.0,0.0,0.037037037037037035,0.037037037037037035,0.018518518518518517,0.037037037037037035,0.0,0.0,0.0,0.018518518518518517,0.05555555555555555,0.0,0.037037037037037035,0.07407407407407407,0.09259259259259259,0.1111111111111111,0.9444444444444444,0.018518518518518517,0.12962962962962962,0.07407407407407407,0.09259259259259259,0.7777777777777778,0.0,0.6481481481481481,0.2037037037037037,0.018518518518518517,0.0,0.0,0.9259259259259259,0.0,0.0,0.05555555555555555,0.0,0.0,0.0,0.0,0.9074074074074074,0.0,0.0,0.09259259259259259,0.0,0.018518518518518517,0.0,0.0,0.037037037037037035,0.0,0.0,0.018518518518518517,0.7407407407407407,0.5555555555555556,0.0
21,0.0,0.0,0.3150684931506849,0.0,0.0,0.0,0.4520547945205479,0.0136986301369863,0.0,0.1780821917808219,0.0136986301369863,0.0,0.0273972602739726,0.0,0.0,0.0,0.0,0.0,0.0,0.9726027397260274,0.0,0.0136986301369863,0.0273972602739726,0.0273972602739726,0.1095890410958904,0.0,0.0136986301369863,0.863013698630137,0.0821917808219178,0.9863013698630136,0.5342465753424658,0.4383561643835616,1.0,0.0,0.0,0.8904109589041096,0.0547945205479452,0.0547945205479452,0.0,0.0,0.0,0.0136986301369863,0.0,0.0,0.0,0.9041095890410958,0.0,0.0,0.0136986301369863,0.0,0.0,0.0,0.0,0.0,0.0136986301369863,0.0136986301369863,0.9726027397260274,0.0,0.0273972602739726,0.0273972602739726,0.0,0.0136986301369863,0.958904109589041,0.0,0.0,0.0136986301369863,0.0410958904109589,0.0821917808219178,0.0,0.0410958904109589,0.0410958904109589,0.8904109589041096,0.0136986301369863,0.0,0.0821917808219178,0.0,0.0,0.0136986301369863,0.0,0.0273972602739726,0.0,0.0,0.958904109589041,0.0,0.0,0.0136986301369863,0.0,0.0,0.0,0.0273972602739726,0.0,0.0136986301369863,0.0,0.0136986301369863,0.1643835616438356,0.958904109589041,0.0136986301369863
22,0.5185185185185185,0.0,0.0,0.0,0.0,0.0,0.0,0.0,0.5185185185185185,0.0,0.14814814814814814,0.0,0.14814814814814814,0.0,0.037037037037037035,0.0,0.0,0.0,0.0,0.037037037037037035,0.0,0.0,0.9259259259259259,0.0,0.0,0.0,0.0,0.9629629629629629,0.037037037037037035,1.0,0.7777777777777778,0.9259259259259259,1.0,0.0,0.0,0.0,0.8888888888888888,0.037037037037037035,0.037037037037037035,0.1111111111111111,0.037037037037037035,0.037037037037037035,0.0,0.07407407407407407,0.7037037037037037,0.037037037037037035,0.48148148148148145,0.07407407407407407,0.0,0.037037037037037035,0.0,0.037037037037037035,0.0,0.0,0.037037037037037035,0.037037037037037035,0.037037037037037035,0.0,0.037037037037037035,0.037037037037037035,0.0,0.0,1.0,0.0,0.0,0.0,0.07407407407407407,0.0,0.0,0.0,0.037037037037037035,0.037037037037037035,0.0,0.037037037037037035,0.0,0.25925925925925924,0.07407407407407407,0.0,0.5925925925925926,0.037037037037037035,0.07407407407407407,0.14814814814814814,0.037037037037037035,0.4444444444444444,0.037037037037037035,0.0,0.2222222222222222,0.0,0.0,0.0,0.0,0.0,0.0,0.0,0.8518518518518519,0.9629629629629629,0.0
23,0.10112359550561797,0.02247191011235955,0.07865168539325842,0.0,0.0,0.0,0.0,0.02247191011235955,0.10112359550561797,0.12359550561797752,0.5393258426966292,0.0,0.02247191011235955,0.0,0.07865168539325842,0.0,0.0,0.0,0.0,0.8089887640449438,0.011235955056179775,0.0,0.12359550561797752,0.0,0.06741573033707865,0.0,0.011235955056179775,0.9550561797752809,0.48314606741573035,0.8314606741573034,0.449438202247191,0.6629213483146067,1.0,0.0,0.0,0.011235955056179775,0.9662921348314607,0.02247191011235955,0.0,0.0,0.011235955056179775,0.011235955056179775,0.02247191011235955,0.02247191011235955,0.9325842696629213,0.033707865168539325,0.10112359550561797,0.02247191011235955,0.011235955056179775,0.02247191011235955,0.011235955056179775,0.02247191011235955,0.0,0.011235955056179775,0.02247191011235955,0.02247191011235955,0.0449438202247191,0.0,0.06741573033707865,0.10112359550561797,0.06741573033707865,0.21348314606741572,0.9325842696629213,0.0449438202247191,0.12359550561797752,0.0449438202247191,0.16853932584269662,0.47191011235955055,0.0,0.1348314606741573,0.19101123595505617,0.651685393258427,0.29213483146067415,0.0449438202247191,0.0,0.011235955056179775,0.0,0.0,0.0,0.9887640449438202,0.011235955056179775,0.0,0.0,0.0,0.0,0.0,0.0,0.0,0.02247191011235955,0.11235955056179775,0.0,0.11235955056179775,0.011235955056179775,0.1797752808988764,0.5393258426966292,0.5730337078651685,0.0
24,0.0,0.0,0.0,0.0,0.0,0.0,0.0,0.1346153846153846,0.0,0.0,0.0,0.0,0.5192307692307693,0.0,0.0,0.0,0.0,0.0,0.0,0.038461538461538464,0.0,0.0,1.0,0.019230769230769232,0.0,0.0,0.0,0.36538461538461536,0.0,1.0,0.5,0.46153846153846156,0.9230769230769231,0.09615384615384616,0.0,0.28846153846153844,0.5384615384615384,0.15384615384615385,0.0,0.038461538461538464,0.4807692307692308,0.28846153846153844,0.019230769230769232,0.07692307692307693,0.17307692307692307,0.019230769230769232,0.0,0.019230769230769232,0.4807692307692308,0.6538461538461539,0.28846153846153844,0.5961538461538461,0.0,0.057692307692307696,0.11538461538461539,0.25,0.0,0.0,0.0,0.0,0.019230769230769232,0.019230769230769232,0.9615384615384616,0.0,0.0,0.0,0.019230769230769232,0.019230769230769232,0.019230769230769232,0.0,0.019230769230769232,0.0,0.0,0.038461538461538464,0.0,0.019230769230769232,0.019230769230769232,0.0,0.9230769230769231,0.0,0.019230769230769232,0.019230769230769232,0.0,0.019230769230769232,0.3076923076923077,0.0,0.6153846153846154,0.0,0.0,0.038461538461538464,0.0,0.0,0.0,0.057692307692307696,0.5961538461538461,0.8653846153846154,0.15384615384615385
25,0.029850746268656716,0.0,0.08955223880597014,0.0,0.0,0.0,0.0,0.04477611940298507,0.029850746268656716,0.05970149253731343,0.40298507462686567,0.0,0.05970149253731343,0.0,0.07462686567164178,0.0,0.0,0.0,0.0,0.9701492537313433,0.029850746268656716,0.0,0.6417910447761194,0.0,0.014925373134328358,0.0,0.029850746268656716,0.9850746268656716,0.5074626865671642,0.9850746268656716,0.5373134328358209,0.7313432835820896,0.9850746268656716,0.014925373134328358,0.0,0.014925373134328358,0.9552238805970149,0.029850746268656716,0.0,0.029850746268656716,0.014925373134328358,0.014925373134328358,0.05970149253731343,0.05970149253731343,0.8059701492537313,0.08955223880597014,0.1044776119402985,0.04477611940298507,0.0,0.0,0.029850746268656716,0.014925373134328358,0.0,0.029850746268656716,0.014925373134328358,0.014925373134328358,0.1044776119402985,0.0,0.0,0.0,0.0,0.16417910447761194,0.9552238805970149,0.014925373134328358,0.0,0.0,0.05970149253731343,0.3582089552238806,0.0,0.13432835820895522,0.1791044776119403,0.04477611940298507,0.3880597014925373,0.5373134328358209,0.0,0.014925373134328358,0.0,0.0,0.014925373134328358,0.0,0.9701492537313433,0.029850746268656716,0.0,0.0,0.0,0.0,0.0,0.0,0.0,0.1791044776119403,0.0,0.029850746268656716,0.029850746268656716,0.029850746268656716,0.6268656716417911,0.8059701492537313,0.014925373134328358
26,0.02666666666666667,0.0,0.013333333333333334,0.0,0.0,0.0,0.013333333333333334,0.2,0.02666666666666667,0.0,0.04,0.0,0.17333333333333334,0.013333333333333334,0.06666666666666667,0.0,0.0,0.0,0.0,0.4666666666666667,0.02666666666666667,0.0,0.8666666666666667,0.013333333333333334,0.013333333333333334,0.0,0.0,0.6533333333333333,0.04,0.92,0.41333333333333333,0.68,0.9866666666666667,0.0,0.013333333333333334,0.26666666666666666,0.5066666666666667,0.21333333333333335,0.0,0.02666666666666667,0.68,0.0,0.05333333333333334,0.84,0.13333333333333333,0.0,0.013333333333333334,0.4666666666666667,0.04,0.14666666666666667,0.96,0.38666666666666666,0.0,0.013333333333333334,0.04,0.04,0.0,0.013333333333333334,0.05333333333333334,0.0,0.0,0.05333333333333334,1.0,0.0,0.013333333333333334,0.0,0.06666666666666667,0.09333333333333334,0.0,0.04,0.04,0.05333333333333334,0.17333333333333334,0.13333333333333333,0.0,0.26666666666666666,0.17333333333333334,0.013333333333333334,0.18666666666666668,0.06666666666666667,0.22666666666666666,0.26666666666666666,0.05333333333333334,0.24,0.06666666666666667,0.013333333333333334,0.06666666666666667,0.013333333333333334,0.013333333333333334,0.18666666666666668,0.05333333333333334,0.013333333333333334,0.0,0.02666666666666667,0.44,0.8,0.06666666666666667
27,0.0,0.0,0.0,0.0,0.0,0.0,0.0,0.0,0.0,0.0,0.0,0.0,0.0,0.0,0.0,0.006666666666666667,0.013333333333333334,0.9666666666666667,0.013333333333333334,0.006666666666666667,0.0,0.0,0.0,0.0,0.0,0.0,0.0,0.013333333333333334,0.0,1.0,0.0,0.0,1.0,0.0,0.0,1.0,0.0,0.0,0.0,0.0,0.0,0.0,0.0,0.0,0.0,0.9933333333333333,0.0,0.0,0.0,0.0,0.0,0.0,0.0,0.0,0.0,0.0,1.0,0.0,0.0,0.0,0.0,0.0,1.0,0.0,0.0,0.0,0.0,0.0,0.0,0.0,0.0,0.98,0.02,0.0,0.0,0.0,0.0,0.0,0.0,0.9866666666666667,0.013333333333333334,0.0,0.0,0.0,0.0,0.0,0.0,0.0,0.013333333333333334,0.006666666666666667,0.0,0.0,0.0,0.0,0.006666666666666667,0.9866666666666667,0.0
28,0.010309278350515464,0.010309278350515464,0.07216494845360824,0.0,0.0,0.0,0.4948453608247423,0.0,0.010309278350515464,0.8865979381443299,0.07216494845360824,0.041237113402061855,0.020618556701030927,0.010309278350515464,0.0,0.0,0.0,0.0,0.0,0.15463917525773196,0.020618556701030927,0.0,0.0,0.0,0.041237113402061855,0.0,0.0,0.7010309278350515,0.10309278350515463,0.9278350515463918,0.38144329896907214,0.15463917525773196,0.8865979381443299,0.07216494845360824,0.030927835051546393,0.8350515463917526,0.16494845360824742,0.010309278350515464,0.0,0.0,0.0,0.010309278350515464,0.0,0.0,0.0,0.7938144329896907,0.0,0.0,0.0,0.0,0.0,0.0,0.0,0.0,0.010309278350515464,0.010309278350515464,0.9896907216494846,0.0,0.030927835051546393,0.041237113402061855,0.010309278350515464,0.010309278350515464,0.9587628865979382,0.0,0.0,0.010309278350515464,0.0,0.030927835051546393,0.0,0.010309278350515464,0.030927835051546393,0.0,0.0,0.0,0.0,0.0,0.0,1.0,0.0,0.041237113402061855,0.0,0.0,0.4536082474226804,0.0,0.0,0.4948453608247423,0.010309278350515464,0.0,0.0,0.0,0.4948453608247423,0.020618556701030927,0.0,0.09278350515463918,0.4020618556701031,0.13402061855670103,0.010309278350515464
29,0.011235955056179775,0.0,0.0,0.0,0.0,0.0,0.0,0.011235955056179775,0.011235955056179775,0.0,0.14606741573033707,0.0,0.0,0.0,0.9887640449438202,0.0,0.0,0.0,0.0,0.07865168539325842,0.0,0.0,0.4044943820224719,0.011235955056179775,0.0449438202247191,0.0,0.0,0.8314606741573034,0.1348314606741573,0.9775280898876404,0.42696629213483145,0.6404494382022472,0.898876404494382,0.011235955056179775,0.10112359550561797,0.0,1.0,0.011235955056179775,0.0,0.011235955056179775,0.0898876404494382,0.0,0.02247191011235955,0.033707865168539325,0.9213483146067416,0.02247191011235955,0.06741573033707865,0.02247191011235955,0.0,0.02247191011235955,0.0898876404494382,0.07865168539325842,0.0,0.0449438202247191,0.033707865168539325,0.033707865168539325,0.02247191011235955,0.011235955056179775,0.1348314606741573,0.011235955056179775,0.011235955056179775,0.0,0.9662921348314607,0.011235955056179775,0.0,0.0,0.0449438202247191,0.0,0.0,0.011235955056179775,0.02247191011235955,0.02247191011235955,0.12359550561797752,0.15730337078651685,0.0,0.1797752808988764,0.16853932584269662,0.0,0.34831460674157305,0.15730337078651685,0.3707865168539326,0.23595505617977527,0.02247191011235955,0.16853932584269662,0.0449438202247191,0.0,0.0,0.0,0.0,0.0,0.0,0.02247191011235955,0.0,0.3595505617977528,0.10112359550561797,0.9775280898876404,0.011235955056179775
30,0.04,0.12,0.0,0.04,0.04,0.0,0.6,0.0,0.04,0.32,0.68,0.0,0.0,0.4,0.0,0.0,0.0,0.0,0.0,0.04,0.0,0.04,0.0,0.0,0.04,0.0,0.04,1.0,0.8,0.2,0.08,0.64,0.88,0.0,0.12,0.88,0.12,0.0,0.0,0.0,0.0,0.0,0.0,0.0,0.04,1.0,0.0,0.0,0.0,0.0,0.0,0.0,0.0,0.0,0.0,0.0,0.96,0.0,0.0,0.04,0.04,0.08,1.0,0.0,0.0,0.12,0.0,0.12,0.0,0.08,0.04,0.04,0.0,0.0,0.96,0.0,0.0,0.0,0.0,0.0,0.0,0.0,1.0,0.0,0.0,0.0,0.0,0.0,0.0,0.04,0.0,0.0,0.0,0.16,0.84,0.36,0.04
31,0.0,0.0,0.0,0.0,0.0,0.0,1.0,0.0,0.0,0.0,0.9545454545454546,0.0,0.0,0.0,0.0,0.0,0.0,0.0,0.0,1.0,0.0,0.0,0.0,0.0,0.0,0.0,0.0,1.0,0.0,1.0,1.0,1.0,1.0,0.0,0.0,1.0,0.045454545454545456,0.0,0.0,0.0,0.045454545454545456,0.0,1.0,0.9545454545454546,0.0,0.0,0.0,1.0,0.0,0.0,0.6818181818181818,0.0,0.0,1.0,0.6818181818181818,0.045454545454545456,0.0,0.0,0.0,0.0,0.0,0.045454545454545456,1.0,0.0,0.0,0.0,0.0,0.045454545454545456,0.0,0.045454545454545456,0.0,0.9090909090909091,0.0,0.0,0.09090909090909091,0.0,0.0,0.0,0.0,0.9545454545454546,0.0,0.0,0.045454545454545456,0.0,0.0,0.0,0.0,0.0,0.0,0.0,0.0,0.0,0.0,0.9545454545454546,0.045454545454545456,0.0,0.0
32,0.0,0.0,0.021739130434782608,0.0,0.0,0.0,0.0,0.0,0.0,0.043478260869565216,0.0,0.06521739130434782,0.0,0.0,0.0,0.0,0.0,0.0,0.9130434782608695,0.0,0.0,0.0,0.0,0.0,0.0,0.0,0.0,0.043478260869565216,0.0,1.0,0.043478260869565216,0.0,0.9782608695652174,0.021739130434782608,0.0,1.0,0.0,0.0,0.0,0.0,0.0,0.0,0.0,0.021739130434782608,0.0,0.9782608695652174,0.0,0.021739130434782608,0.0,0.0,0.021739130434782608,0.0,0.0,0.0,0.0,0.0,0.9782608695652174,0.0,0.0,0.0,0.0,0.0,1.0,0.0,0.0,0.0,0.0,0.0,0.0,0.0,0.0,0.0,0.0,0.021739130434782608,0.9782608695652174,0.0,0.0,0.0,0.0,0.0,0.0,0.0,0.9782608695652174,0.0,0.0,0.0,0.0,0.021739130434782608,0.0,0.0,0.043478260869565216,0.0,0.0,0.0,0.9130434782608695,0.021739130434782608,0.0
33,0.0,0.0,0.0,1.0,1.0,0.0,0.023809523809523808,0.0,0.0,0.023809523809523808,0.0,0.023809523809523808,0.09523809523809523,0.0,0.0,0.0,0.0,0.0,0.0,0.2857142857142857,0.023809523809523808,0.023809523809523808,0.0,0.0,0.0,0.0,0.0,0.9523809523809523,0.07142857142857142,1.0,0.40476190476190477,0.7380952380952381,1.0,0.0,0.0,0.8333333333333334,0.16666666666666666,0.023809523809523808,0.023809523809523808,0.0,0.6666666666666666,0.4523809523809524,0.11904761904761904,0.3333333333333333,0.023809523809523808,0.09523809523809523,0.0,0.11904761904761904,0.42857142857142855,0.5,0.7142857142857143,0.6190476190476191,0.0,0.19047619047619047,0.2857142857142857,0.30952380952380953,0.0,0.0,0.023809523809523808,0.0,0.0,0.0,1.0,0.0,0.0,0.0,0.023809523809523808,0.09523809523809523,0.0,0.07142857142857142,0.0,0.047619047619047616,0.16666666666666666,0.14285714285714285,0.0,0.30952380952380953,0.07142857142857142,0.0,0.2619047619047619,0.0,0.047619047619047616,0.0,0.0,0.0,0.0,0.023809523809523808,0.0,1.0,0.0,0.0,0.0,0.0,0.0,0.0,0.047619047619047616,0.047619047619047616,0.0
34,0.0,0.0,0.0,0.0,0.0,1.0,0.0,0.0,0.0,0.8823529411764706,0.9411764705882353,0.0,0.058823529411764705,0.0,0.0,0.0,0.0,0.0,0.0,0.0196078431372549,0.0,0.0,0.0,0.0,0.0196078431372549,0.0,0.0196078431372549,1.0,0.803921568627451,0.3137254901960784,0.0,0.6470588235294118,0.6862745098039216,0.0,0.3137254901960784,0.0,1.0,0.0,0.0,0.0,0.0,0.0,0.0,0.0,0.0196078431372549,0.0,0.0,0.0,0.0,0.0,0.0,0.0,1.0,0.0,0.0,0.0,0.0,0.0,0.0,0.0,0.0,0.0,1.0,0.0,0.0,0.0,0.0196078431372549,0.058823529411764705,0.0,0.058823529411764705,0.13725490196078433,0.17647058823529413,0.0,0.0196078431372549,0.5098039215686274,0.0,0.0,0.29411764705882354,0.0,0.21568627450980393,0.0196078431372549,0.0,0.47058823529411764,0.0,0.0,0.27450980392156865,0.0,0.0,0.0,0.0,0.058823529411764705,0.0,0.0,0.0,0.8431372549019608,0.13725490196078433,0.0784313725490196
35,0.02127659574468085,0.0,0.9574468085106383,0.0,0.0,0.0,0.0,0.0,0.02127659574468085,0.2127659574468085,0.2127659574468085,0.0,0.02127659574468085,0.0,0.0,0.0,0.0,0.0,0.0,0.23404255319148937,0.0,0.0,0.0,0.0,0.0425531914893617,0.0,0.0425531914893617,0.8723404255319149,0.10638297872340426,0.9787234042553191,0.6170212765957447,0.06382978723404255,0.3404255319148936,0.6170212765957447,0.0425531914893617,0.06382978723404255,0.9574468085106383,0.0,0.0,0.0,0.14893617021276595,0.02127659574468085,0.06382978723404255,0.1276595744680851,0.40425531914893614,0.02127659574468085,0.425531914893617,0.0425531914893617,0.02127659574468085,0.02127659574468085,0.19148936170212766,0.1276595744680851,0.02127659574468085,0.0,0.02127659574468085,0.02127659574468085,0.02127659574468085,0.0,0.1276595744680851,0.0,0.02127659574468085,0.0851063829787234,0.851063829787234,0.0,0.0,0.02127659574468085,0.02127659574468085,0.3617021276595745,0.0,0.1276595744680851,0.2553191489361702,0.1702127659574468,0.0851063829787234,0.0,0.7021276595744681,0.0,0.02127659574468085,0.02127659574468085,0.0,0.14893617021276595,0.02127659574468085,0.0,0.7021276595744681,0.0,0.0,0.10638297872340426,0.0,0.02127659574468085,0.02127659574468085,0.02127659574468085,0.0,0.0425531914893617,0.0,0.2765957446808511,0.46808510638297873,0.5531914893617021,0.0
