Cluster,Category_Bamboos,Category_Bromeliads,Category_Cacti & Succulents,Category_Climbers,Category_Creepers & Vines,Category_Ferns,Category_Flowering Pot Plants,Category_Fruit Plants,Category_Grasses & Grass like plants,Category_Groundcovers_lawns,Category_Indoor Plants,Category_Lilies & Bulbous plants,Category_Medicinal Plants,Category_Orchids,Category_Palms and Cycads,Category_Rose_Hybrid_Climbers,Category_Rose_Miniature_Floribundas,Category_Shrubs,Category_Spice plants & edible Herbs,Category_Terrific Tropicals  The Ideal Gifts,Category_Trees,Category_Vegetable,Category_Water & Aquatic Plants,Flowering_Season_Apr_May_Summer,Flowering_Season_Dec_Jan_Winter,Flowering_Season_Feb_Mar_Spring,Flowering_Season_Flowers are inconspicuous,Flowering_Season_Flowers once in many years,Flowering_Season_Jun_Sep_Monsoon,Flowering_Season_Non Flowering,Flowering_Season_Oct_Nov_Autumn,Flowering_Season_Year_round_flowering,Foliage_Color_Blue,Foliage_Color_Blue Grey or Silver,Foliage_Color_Bronze or coppery,Foliage_Color_Brown,Foliage_Color_Cream or off white,Foliage_Color_Green,Foliage_Color_Orange,Foliage_Color_Pink,Foliage_Color_Purple,Foliage_Color_Red,Foliage_Color_Variegated,Foliage_Color_Very dark green almost black,Foliage_Color_White,Foliage_Color_Yellow,Height_or_Length_1 to 2 meters,Height_or_Length_2 to 4 meters,Height_or_Length_4 to 6 meters,Height_or_Length_50 cms to 100 cms,Height_or_Length_6 to 8 meters,Height_or_Length_8 to 12 meters,Height_or_Length_Less than 50 cms,Height_or_Length_More than 12 meters,Light_Low light tolerant,Light_Semi shade,Light_Shade growing,Light_Sun growing,Plant_Form_Climbing or growing on support,Plant_Form_Columnar,Plant_Form_Irregular,Plant_Form_Low spreading,Plant_Form_Oval,Plant_Form_Pyramidal,Plant_Form_Spherical or rounded,Plant_Form_Spreading,Plant_Form_Upright or Erect,Plant_Form_Weeping,Primary_Grown_for_Flowers,Primary_Grown_for_Foliage,Primary_Grown_for_Fruit or Seed,Primary_Grown_for_Roots or tubers,Primary_Grown_for_Stems or Timber,Spread_or_Width_1 to 2 meters,Spread_or_Width_2 to 4 meters,Spread_or_Width_4 to 6 meters,Spread_or_Width_6 to 8 meters,Spread_or_Width_8 to 12 meters,Spread_or_Width_More than 12 meters,Spread_or_Width_less_than_1_meter,Water_Can tolerate more,Water_Normal,Water_Requires more,Water_Requires_less
0,0.10810810810810811,0.013513513513513514,0.04054054054054054,0.0,0.0,0.0,0.0,0.013513513513513514,0.10810810810810811,0.24324324324324326,0.527027027027027,0.013513513513513514,0.04054054054054054,0.0,0.06756756756756757,0.0,0.0,0.8243243243243243,0.013513513513513514,0.0,0.04054054054054054,0.0,0.08108108108108109,0.06756756756756757,0.02702702702702703,0.08108108108108109,0.7837837837837838,0.04054054054054054,0.05405405405405406,0.0,0.02702702702702703,0.17567567567567569,0.0,0.04054054054054054,0.08108108108108109,0.05405405405405406,0.12162162162162163,0.972972972972973,0.04054054054054054,0.0945945945945946,0.04054054054054054,0.12162162162162163,0.5,0.0,0.1891891891891892,0.20270270270270271,0.9594594594594594,0.0,0.02702702702702703,0.0,0.013513513513513514,0.0,0.0,0.0,0.013513513513513514,0.9594594594594594,0.4189189189189189,0.7972972972972973,0.0,0.013513513513513514,0.05405405405405406,0.0,0.04054054054054054,0.013513513513513514,0.17567567567567569,0.6756756756756757,0.5945945945945946,0.013513513513513514,0.013513513513513514,0.972972972972973,0.013513513513513514,0.013513513513513514,0.0,0.9324324324324325,0.06756756756756757,0.0,0.0,0.0,0.0,0.0,0.7432432432432432,1.0,0.0,0.3918918918918919
1,0.0,0.02,0.0,0.0,0.0,0.0,0.84,0.0,0.0,0.86,0.06,0.04,0.0,0.0,0.0,0.0,0.0,0.14,0.02,0.0,0.0,0.0,0.02,0.0,0.0,0.0,0.0,0.0,0.0,0.0,0.0,1.0,0.0,0.04,0.08,0.02,0.0,0.96,0.0,0.0,0.0,0.0,0.02,0.0,0.02,0.02,0.0,0.0,0.0,0.0,0.0,0.0,1.0,0.0,0.0,0.7,0.14,0.9,0.0,0.0,0.0,0.24,0.06,0.0,0.14,0.58,0.18,0.02,0.86,0.12,0.02,0.0,0.0,0.02,0.0,0.0,0.0,0.0,0.0,0.98,0.16,1.0,0.0,0.1
2,0.0,0.0,0.9642857142857143,0.0,0.0,0.0,1.0,0.0,0.0,0.03571428571428571,0.0,0.0,0.03571428571428571,0.0,0.0,0.0,0.0,1.0,0.0,0.0,0.0,0.0,0.0,0.03571428571428571,0.03571428571428571,0.03571428571428571,0.0,0.0,0.0,0.0,0.03571428571428571,0.9642857142857143,0.0,0.0,0.0,0.0,0.0,1.0,0.0,0.0,0.0,0.0,0.03571428571428571,0.0,0.03571428571428571,0.0,0.6785714285714286,0.0,0.0,0.2857142857142857,0.0,0.0,0.03571428571428571,0.0,0.0,1.0,0.03571428571428571,0.9642857142857143,0.0,0.0,0.03571428571428571,0.0,0.0,0.0,0.03571428571428571,0.07142857142857142,0.8928571428571429,0.0,1.0,0.0,0.0,0.0,0.0,0.07142857142857142,0.0,0.0,0.0,0.0,0.0,0.9285714285714286,0.0,1.0,0.0,1.0
3,0.07547169811320754,0.0,0.0,0.0,0.0,0.0,0.0,0.0,0.07547169811320754,0.22641509433962265,0.5849056603773585,0.0,0.018867924528301886,0.0,0.09433962264150944,0.0,0.0,0.9622641509433962,0.0,0.0,0.3584905660377358,0.0,0.05660377358490566,0.05660377358490566,0.018867924528301886,0.03773584905660377,0.7924528301886793,0.03773584905660377,0.018867924528301886,0.0,0.0,0.37735849056603776,0.0,0.018867924528301886,0.018867924528301886,0.0,0.24528301886792453,0.9811320754716981,0.018867924528301886,0.03773584905660377,0.03773584905660377,0.018867924528301886,0.4339622641509434,0.0,0.16981132075471697,0.16981132075471697,0.0,1.0,0.0,0.0,0.0,0.0,0.0,0.0,0.018867924528301886,1.0,0.5849056603773585,0.8679245283018868,0.0,0.0,0.1509433962264151,0.0,0.018867924528301886,0.0,0.03773584905660377,0.8113207547169812,0.8113207547169812,0.03773584905660377,0.0,1.0,0.0,0.0,0.0,0.6792452830188679,0.32075471698113206,0.0,0.0,0.0,0.0,0.0,0.9622641509433962,1.0,0.0,0.4339622641509434
4,0.014084507042253521,0.0,0.028169014084507043,0.028169014084507043,0.028169014084507043,0.0,0.0,0.028169014084507043,0.014084507042253521,0.07042253521126761,0.028169014084507043,0.07042253521126761,0.23943661971830985,0.0,0.0,0.0,0.0,0.9436619718309859,0.0,0.0,0.3380281690140845,0.028169014084507043,0.07042253521126761,0.7605633802816901,0.28169014084507044,0.6338028169014085,0.014084507042253521,0.0,0.7887323943661971,0.0,0.4788732394366197,0.08450704225352113,0.0,0.0,0.0,0.0,0.0,0.9859154929577465,0.0,0.0,0.014084507042253521,0.014084507042253521,0.014084507042253521,0.0,0.014084507042253521,0.0,0.19718309859154928,0.4507042253521127,0.2535211267605634,0.07042253521126761,0.028169014084507043,0.0,0.0,0.0,0.0,0.9014084507042254,0.08450704225352113,1.0,0.04225352112676056,0.0,0.2112676056338028,0.0,0.0,0.0,0.056338028169014086,0.6338028169014085,0.7323943661971831,0.014084507042253521,0.9577464788732394,0.0,0.04225352112676056,0.0,0.0,0.3380281690140845,0.4788732394366197,0.04225352112676056,0.014084507042253521,0.028169014084507043,0.0,0.08450704225352113,0.7605633802816901,0.971830985915493,0.028169014084507043,0.4647887323943662
5,0.08695652173913043,0.0,0.0,0.0,0.0,0.0,0.0,0.014492753623188406,0.08695652173913043,0.0,0.057971014492753624,0.0,0.2318840579710145,0.0,0.014492753623188406,0.0,0.0,0.08695652173913043,0.0,0.0,1.0,0.0,0.0,0.3333333333333333,0.2028985507246377,0.4492753623188406,0.34782608695652173,0.10144927536231885,0.2028985507246377,0.0,0.11594202898550725,0.07246376811594203,0.014492753623188406,0.028985507246376812,0.014492753623188406,0.014492753623188406,0.0,0.9565217391304348,0.0,0.0,0.0,0.014492753623188406,0.014492753623188406,0.028985507246376812,0.014492753623188406,0.028985507246376812,0.0,0.0,0.014492753623188406,0.0,0.0,0.0,0.0,0.9855072463768116,0.0,0.6086956521739131,0.0,1.0,0.0,0.043478260869565216,0.043478260869565216,0.0,0.014492753623188406,0.028985507246376812,0.028985507246376812,0.4927536231884058,0.8405797101449275,0.07246376811594203,0.014492753623188406,0.9565217391304348,0.0,0.0,0.057971014492753624,0.0,0.014492753623188406,0.014492753623188406,0.2028985507246377,0.2608695652173913,0.5072463768115942,0.0,0.6231884057971014,0.9420289855072463,0.014492753623188406,0.6086956521739131
6,0.013986013986013986,0.006993006993006993,0.006993006993006993,0.006993006993006993,0.006993006993006993,0.0,0.02097902097902098,0.006993006993006993,0.013986013986013986,0.13986013986013987,0.03496503496503497,0.006993006993006993,0.055944055944055944,0.0,0.006993006993006993,0.0,0.0,0.986013986013986,0.0,0.0,0.006993006993006993,0.0,0.006993006993006993,0.006993006993006993,0.006993006993006993,0.0,0.027972027972027972,0.006993006993006993,0.027972027972027972,0.0,0.02097902097902098,0.958041958041958,0.0,0.02097902097902098,0.006993006993006993,0.0,0.027972027972027972,0.9790209790209791,0.0,0.013986013986013986,0.0,0.013986013986013986,0.04895104895104895,0.0,0.027972027972027972,0.0,0.993006993006993,0.0,0.0,0.0,0.006993006993006993,0.0,0.0,0.0,0.0,0.972027972027972,0.04195804195804196,0.9790209790209791,0.0,0.0,0.055944055944055944,0.0,0.0,0.0,0.09090909090909091,0.8601398601398601,0.8181818181818182,0.02097902097902098,0.958041958041958,0.04195804195804196,0.02097902097902098,0.0,0.0,0.9790209790209791,0.013986013986013986,0.006993006993006993,0.0,0.0,0.0,0.0,0.7832167832167832,0.972027972027972,0.006993006993006993,0.8041958041958042
7,0.0125,0.0875,0.0,0.0,0.0,0.0,0.0625,0.0,0.0125,0.6375,0.95,0.0,0.0,0.0,0.0,0.0,0.0,0.125,0.0,0.0,0.0,0.0,0.0625,0.025,0.0125,0.025,0.9375,0.0,0.05,0.0,0.0,0.1125,0.0,0.075,0.0625,0.0625,0.15,0.9375,0.025,0.175,0.05,0.1625,0.725,0.0,0.55,0.1875,0.0375,0.0,0.0,0.625,0.0,0.0,0.3375,0.0,0.2,1.0,0.9125,0.0875,0.0125,0.0,0.0,0.025,0.025,0.0,0.0125,0.7875,0.4625,0.0,0.0,1.0,0.0,0.0,0.0,0.0,0.0,0.0125,0.0,0.0,0.0,0.9875,0.375,0.8875,0.1125,0.0
8,0.01680672268907563,0.0,0.008403361344537815,0.025210084033613446,0.025210084033613446,0.0,0.3865546218487395,0.0,0.01680672268907563,0.7983193277310925,0.03361344537815126,0.06722689075630252,0.1092436974789916,0.025210084033613446,0.0,0.0,0.0,0.7394957983193278,0.008403361344537815,0.0,0.008403361344537815,0.0,0.11764705882352941,0.025210084033613446,0.0,0.0,0.01680672268907563,0.0,0.04201680672268908,0.0,0.008403361344537815,0.9495798319327731,0.0,0.025210084033613446,0.0,0.0,0.008403361344537815,0.9831932773109243,0.0,0.0,0.04201680672268908,0.025210084033613446,0.04201680672268908,0.0,0.025210084033613446,0.0,0.0,0.0,0.0,1.0,0.0,0.0,0.0,0.0,0.008403361344537815,0.9243697478991597,0.14285714285714285,0.9159663865546218,0.0,0.0,0.01680672268907563,0.03361344537815126,0.008403361344537815,0.0,0.12605042016806722,0.5378151260504201,0.6470588235294118,0.008403361344537815,0.957983193277311,0.025210084033613446,0.025210084033613446,0.0,0.0,0.06722689075630252,0.0,0.0,0.0,0.0,0.0,0.9243697478991597,0.48739495798319327,0.9663865546218487,0.01680672268907563,0.37815126050420167
9,0.0,0.0,0.0,0.0,0.0,0.0,0.0,0.782608695652174,0.0,0.0,0.0,0.0,0.5652173913043478,0.0,0.2608695652173913,0.0,0.0,0.0,0.0,0.0,1.0,0.043478260869565216,0.0,0.17391304347826086,0.13043478260869565,0.13043478260869565,0.4782608695652174,0.0,0.043478260869565216,0.0,0.0,0.5652173913043478,0.0,0.043478260869565216,0.0,0.0,0.0,1.0,0.0,0.0,0.0,0.0,0.0,0.0,0.0,0.043478260869565216,0.0,0.0,0.0,0.0,0.0,0.043478260869565216,0.0,0.9565217391304348,0.0,0.8695652173913043,0.0,0.9565217391304348,0.0,0.0,0.0,0.0,0.0,0.0,0.21739130434782608,0.43478260869565216,0.9130434782608695,0.0,0.043478260869565216,0.043478260869565216,0.9565217391304348,0.0,0.0,0.0,0.08695652173913043,0.043478260869565216,0.13043478260869565,0.4782608695652174,0.2608695652173913,0.0,0.9130434782608695,1.0,0.0,0.6086956521739131
10,0.009523809523809525,0.0,0.0,1.0,1.0,0.0,0.02857142857142857,0.0,0.009523809523809525,0.0761904761904762,0.0,0.009523809523809525,0.06666666666666667,0.009523809523809525,0.0,0.0,0.0,0.29523809523809524,0.009523809523809525,0.009523809523809525,0.009523809523809525,0.0380952380952381,0.009523809523809525,0.26666666666666666,0.0761904761904762,0.2761904761904762,0.009523809523809525,0.009523809523809525,0.19047619047619047,0.0,0.11428571428571428,0.6285714285714286,0.0,0.01904761904761905,0.0,0.0,0.02857142857142857,1.0,0.0,0.0,0.009523809523809525,0.009523809523809525,0.10476190476190476,0.0,0.06666666666666667,0.009523809523809525,0.0380952380952381,0.22857142857142856,0.1619047619047619,0.0,0.2761904761904762,0.06666666666666667,0.0,0.22857142857142856,0.0,0.9333333333333333,0.05714285714285714,0.9904761904761905,0.9809523809523809,0.0,0.01904761904761905,0.009523809523809525,0.0,0.0,0.0,0.0,0.0,0.0,0.819047619047619,0.1619047619047619,0.0380952380952381,0.009523809523809525,0.0,0.0,0.01904761904761905,0.0,0.01904761904761905,0.009523809523809525,0.0,0.009523809523809525,0.7142857142857143,0.9904761904761905,0.009523809523809525,0.20952380952380953
11,0.0,0.0,0.0,0.0,0.0,0.0,0.04081632653061224,0.0,0.0,0.0,0.0,0.01020408163265306,0.0,0.0,0.0,0.0,0.9489795918367347,0.0,0.0,0.0,0.0,0.01020408163265306,0.0,0.0,0.0,0.0,0.0,0.0,0.0,0.0,0.0,1.0,0.0,0.01020408163265306,0.0,0.0,0.0,1.0,0.0,0.0,0.0,0.0,0.0,0.0,0.0,0.0,0.0,0.0,0.01020408163265306,0.9897959183673469,0.0,0.0,0.0,0.0,0.0,0.01020408163265306,0.0,1.0,0.01020408163265306,0.0,0.0,0.061224489795918366,0.0,0.0,0.0,0.8673469387755102,0.5510204081632653,0.0,0.9897959183673469,0.0,0.01020408163265306,0.0,0.0,0.0,0.0,0.0,0.0,0.0,0.0,0.9897959183673469,0.0,1.0,0.0,0.01020408163265306
12,0.0,0.0,0.0,0.0,0.0,1.0,0.0,0.0,0.0,0.8823529411764706,0.9411764705882353,0.0,0.058823529411764705,0.0,0.0,0.0,0.0,0.0196078431372549,0.0,0.0,0.0,0.0,0.0196078431372549,0.0,0.0,0.0,0.0196078431372549,0.0,0.0,1.0,0.0,0.0,0.0,0.0,0.0,0.0,0.0,1.0,0.0,0.0,0.0,0.0196078431372549,0.058823529411764705,0.0,0.058823529411764705,0.13725490196078433,0.17647058823529413,0.0,0.0196078431372549,0.5098039215686274,0.0,0.0,0.29411764705882354,0.0,0.0196078431372549,1.0,0.803921568627451,0.3137254901960784,0.0,0.0,0.0,0.058823529411764705,0.0,0.0,0.0,0.8431372549019608,0.13725490196078433,0.0784313725490196,0.0,1.0,0.0,0.0,0.0,0.21568627450980393,0.0196078431372549,0.0,0.0,0.0,0.0,0.7450980392156863,0.6470588235294118,0.6862745098039216,0.3137254901960784,0.0
13,0.10416666666666667,0.0,0.041666666666666664,0.0,0.0,0.0,0.4583333333333333,0.020833333333333332,0.10416666666666667,0.7291666666666666,0.0625,0.22916666666666666,0.14583333333333334,0.14583333333333334,0.0,0.0,0.0,0.10416666666666667,0.041666666666666664,0.0,0.020833333333333332,0.041666666666666664,0.041666666666666664,0.4791666666666667,0.4583333333333333,0.8541666666666666,0.0,0.0,0.5416666666666666,0.0,0.6041666666666666,0.0,0.0,0.020833333333333332,0.0,0.020833333333333332,0.0,0.9791666666666666,0.0,0.020833333333333332,0.020833333333333332,0.020833333333333332,0.0,0.0,0.020833333333333332,0.020833333333333332,0.020833333333333332,0.0,0.0,0.4791666666666667,0.0,0.0,0.5,0.0,0.0,0.875,0.08333333333333333,0.8541666666666666,0.0,0.020833333333333332,0.0,0.0625,0.0,0.0,0.1875,0.7291666666666666,0.4375,0.0,0.8958333333333334,0.10416666666666667,0.020833333333333332,0.0,0.0,0.0,0.0,0.0,0.0,0.0,0.0,1.0,0.3958333333333333,1.0,0.0,0.14583333333333334
14,0.21686746987951808,0.04819277108433735,0.060240963855421686,0.012048192771084338,0.012048192771084338,0.012048192771084338,0.012048192771084338,0.0,0.21686746987951808,0.9518072289156626,0.3253012048192771,0.0,0.04819277108433735,0.0,0.0,0.0,0.0,0.012048192771084338,0.04819277108433735,0.0,0.0,0.03614457831325301,0.060240963855421686,0.024096385542168676,0.03614457831325301,0.04819277108433735,0.9036144578313253,0.0,0.03614457831325301,0.012048192771084338,0.012048192771084338,0.1566265060240964,0.0,0.0963855421686747,0.03614457831325301,0.08433734939759036,0.060240963855421686,0.8674698795180723,0.0,0.060240963855421686,0.12048192771084337,0.1566265060240964,0.3132530120481928,0.0,0.12048192771084337,0.024096385542168676,0.0,0.012048192771084338,0.0,0.012048192771084338,0.0,0.0,0.9759036144578314,0.0,0.012048192771084338,0.9156626506024096,0.43373493975903615,0.7590361445783133,0.0,0.0,0.0,0.7590361445783133,0.0,0.0,0.03614457831325301,0.1927710843373494,0.024096385542168676,0.03614457831325301,0.012048192771084338,0.9518072289156626,0.012048192771084338,0.024096385542168676,0.0,0.012048192771084338,0.012048192771084338,0.0,0.0,0.0,0.0,0.9759036144578314,0.37349397590361444,0.9518072289156626,0.03614457831325301,0.1686746987951807
15,0.0,0.0,0.0,0.0,0.0,0.0,0.0,0.0,0.0,0.0,0.0,0.0,0.0,0.0,0.0,0.9745222929936306,0.025477707006369428,0.006369426751592357,0.0,0.0,0.0,0.0,0.0,0.0,0.0,0.0,0.0,0.0,0.0,0.0,0.0,1.0,0.0,0.0,0.0,0.0,0.0,1.0,0.0,0.0,0.0,0.0,0.0,0.0,0.0,0.0,0.9363057324840764,0.01910828025477707,0.044585987261146494,0.0,0.0,0.0,0.0,0.0,0.0,0.012738853503184714,0.0,1.0,0.044585987261146494,0.012738853503184714,0.006369426751592357,0.0,0.0,0.0,0.0,0.006369426751592357,0.9426751592356688,0.0,1.0,0.0,0.0,0.0,0.0,0.9426751592356688,0.012738853503184714,0.0,0.0,0.0,0.0,0.0,0.0,1.0,0.0,0.0
16,0.1,0.0,0.0,0.0,0.0,0.0,0.0,0.03333333333333333,0.1,0.0,0.13333333333333333,0.0,0.21666666666666667,0.0,0.06666666666666667,0.0,0.0,0.7,0.05,0.0,0.95,0.0,0.016666666666666666,0.26666666666666666,0.16666666666666666,0.31666666666666665,0.65,0.1,0.08333333333333333,0.0,0.11666666666666667,0.1,0.016666666666666666,0.13333333333333333,0.016666666666666666,0.0,0.05,0.9666666666666667,0.0,0.03333333333333333,0.0,0.05,0.11666666666666667,0.0,0.03333333333333333,0.08333333333333333,0.0,0.016666666666666666,0.06666666666666667,0.0,0.6166666666666667,0.26666666666666666,0.0,0.03333333333333333,0.0,0.8833333333333333,0.08333333333333333,1.0,0.0,0.03333333333333333,0.16666666666666666,0.03333333333333333,0.016666666666666666,0.016666666666666666,0.1,0.5833333333333334,0.75,0.06666666666666667,0.03333333333333333,0.8666666666666667,0.06666666666666667,0.0,0.06666666666666667,0.0,0.05,0.5666666666666667,0.31666666666666665,0.05,0.0,0.016666666666666666,0.9,0.9833333333333333,0.0,0.5666666666666667
17,0.0,0.0,0.0,0.0,0.0,0.0,1.0,0.0,0.0,0.0,0.9130434782608695,0.0,0.043478260869565216,0.0,0.0,0.0,0.0,1.0,0.0,0.0,0.0,0.0,0.0,0.08695652173913043,0.9565217391304348,0.9565217391304348,0.0,0.0,0.08695652173913043,0.0,1.0,0.0,0.0,0.0,0.0,0.0,0.043478260869565216,1.0,0.0,0.0,0.0,0.0,0.043478260869565216,0.0,0.043478260869565216,0.0,0.9130434782608695,0.0,0.0,0.08695652173913043,0.0,0.0,0.0,0.0,0.0,1.0,0.043478260869565216,1.0,0.0,0.0,0.043478260869565216,0.0,0.0,0.0,0.9565217391304348,0.043478260869565216,0.0,0.0,1.0,0.043478260869565216,0.0,0.0,0.0,0.9565217391304348,0.0,0.0,0.0,0.0,0.0,0.043478260869565216,0.9565217391304348,1.0,0.0,1.0
18,0.15853658536585366,0.024390243902439025,0.036585365853658534,0.0,0.0,0.0,0.024390243902439025,0.024390243902439025,0.15853658536585366,0.5975609756097561,0.4024390243902439,0.012195121951219513,0.14634146341463414,0.012195121951219513,0.012195121951219513,0.0,0.0,0.6951219512195121,0.07317073170731707,0.0,0.0,0.012195121951219513,0.10975609756097561,0.0,0.06097560975609756,0.036585365853658534,0.8048780487804879,0.0,0.06097560975609756,0.0,0.07317073170731707,0.3048780487804878,0.0,0.036585365853658534,0.036585365853658534,0.036585365853658534,0.07317073170731707,0.926829268292683,0.04878048780487805,0.06097560975609756,0.12195121951219512,0.10975609756097561,0.2926829268292683,0.036585365853658534,0.14634146341463414,0.17073170731707318,0.036585365853658534,0.0,0.0,0.9634146341463414,0.0,0.0,0.0,0.0,0.012195121951219513,0.9878048780487805,0.3048780487804878,0.9512195121951219,0.012195121951219513,0.0,0.0,0.036585365853658534,0.024390243902439025,0.0,0.17073170731707318,0.7439024390243902,0.4024390243902439,0.04878048780487805,0.0,0.9512195121951219,0.06097560975609756,0.0,0.0,0.012195121951219513,0.012195121951219513,0.012195121951219513,0.012195121951219513,0.0,0.0,0.9390243902439024,0.8048780487804879,0.975609756097561,0.024390243902439025,0.43902439024390244
19,0.021739130434782608,0.0,0.13043478260869565,0.043478260869565216,0.043478260869565216,0.0,0.10869565217391304,0.0,0.021739130434782608,0.9782608695652174,0.043478260869565216,0.043478260869565216,0.043478260869565216,0.0,0.0,0.0,0.0,0.17391304347826086,0.043478260869565216,0.0,0.0,0.021739130434782608,0.021739130434782608,0.0,0.0,0.0,0.021739130434782608,0.0,0.0,0.0,0.0,1.0,0.0,0.021739130434782608,0.0,0.021739130434782608,0.021739130434782608,0.9782608695652174,0.0,0.0,0.0,0.0,0.06521739130434782,0.0,0.021739130434782608,0.06521739130434782,0.0,0.021739130434782608,0.0,0.0,0.0,0.0,0.9782608695652174,0.0,0.0,0.717391304347826,0.10869565217391304,0.9565217391304348,0.0,0.0,0.0,0.8478260869565217,0.0,0.0,0.0,0.17391304347826086,0.043478260869565216,0.0,0.8260869565217391,0.1956521739130435,0.0,0.0,0.0,0.10869565217391304,0.021739130434782608,0.0,0.0,0.0,0.021739130434782608,0.8478260869565217,0.21739130434782608,0.8043478260869565,0.021739130434782608,0.8478260869565217
20,0.011627906976744186,0.0,0.0,0.0,0.0,0.0,0.0,0.023255813953488372,0.011627906976744186,0.0,0.16279069767441862,0.0,0.011627906976744186,0.0,0.9883720930232558,0.0,0.0,0.03488372093023256,0.0,0.0,0.4418604651162791,0.011627906976744186,0.046511627906976744,0.12790697674418605,0.05813953488372093,0.13953488372093023,0.9302325581395349,0.05813953488372093,0.05813953488372093,0.0,0.06976744186046512,0.023255813953488372,0.011627906976744186,0.10465116279069768,0.011627906976744186,0.011627906976744186,0.0,0.9767441860465116,0.011627906976744186,0.0,0.0,0.046511627906976744,0.0,0.0,0.011627906976744186,0.023255813953488372,0.023255813953488372,0.08139534883720931,0.1511627906976744,0.0,0.1744186046511628,0.1744186046511628,0.0,0.3953488372093023,0.0,0.8255813953488372,0.13953488372093023,0.9767441860465116,0.0,0.0,0.0,0.0,0.023255813953488372,0.0,0.3953488372093023,0.08139534883720931,0.9883720930232558,0.011627906976744186,0.0,1.0,0.011627906976744186,0.0,0.011627906976744186,0.12790697674418605,0.3953488372093023,0.2558139534883721,0.16279069767441862,0.03488372093023256,0.0,0.023255813953488372,0.6744186046511628,0.8837209302325582,0.11627906976744186,0.4069767441860465
21,0.0,0.38461538461538464,0.0,0.015384615384615385,0.015384615384615385,0.0,0.46153846153846156,0.0,0.0,0.1076923076923077,0.5846153846153846,0.0,0.0,0.4,0.0,0.0,0.0,0.03076923076923077,0.0,0.24615384615384617,0.0,0.0,0.06153846153846154,0.13846153846153847,0.015384615384615385,0.1076923076923077,0.0,0.03076923076923077,0.015384615384615385,0.0,0.0,0.8461538461538461,0.0,0.03076923076923077,0.03076923076923077,0.03076923076923077,0.046153846153846156,1.0,0.0,0.0,0.03076923076923077,0.0,0.1076923076923077,0.0,0.046153846153846156,0.03076923076923077,0.015384615384615385,0.0,0.0,0.36923076923076925,0.0,0.0,0.6,0.015384615384615385,0.015384615384615385,1.0,0.6615384615384615,0.12307692307692308,0.0,0.0,0.015384615384615385,0.0,0.0,0.0,0.03076923076923077,0.8,0.4307692307692308,0.0,0.9692307692307692,0.046153846153846156,0.0,0.0,0.0,0.015384615384615385,0.0,0.0,0.0,0.015384615384615385,0.0,0.9692307692307692,0.26153846153846155,0.26153846153846155,0.7384615384615385,0.03076923076923077
22,0.0,0.0,0.0,1.0,1.0,0.0,0.0,0.0,0.0,0.0,0.0,0.0,0.0,0.0,0.0,0.0,0.0,1.0,0.0,0.0,0.0,0.0,0.0,0.0,0.0,0.0,0.0,0.0,0.0,0.0,0.0,1.0,0.0,0.0,0.0,0.0,0.0,1.0,0.0,0.0,0.0,0.0,0.225,0.0,0.175,0.05,0.075,0.475,0.15,0.0,0.0,0.225,0.0,0.075,0.0,0.075,0.0,1.0,0.775,0.025,0.925,0.0,0.0,0.0,0.0,0.95,0.0,0.0,1.0,0.0,0.0,0.0,0.0,0.1,0.125,0.2,0.0,0.0,0.0,0.0,0.975,0.1,0.0,1.0
23,0.044444444444444446,0.0,0.17777777777777778,0.0,0.0,0.0,0.022222222222222223,0.06666666666666667,0.044444444444444446,0.022222222222222223,0.044444444444444446,0.0,0.06666666666666667,0.0,0.1111111111111111,0.0,0.0,0.8222222222222222,0.022222222222222223,0.0,0.37777777777777777,0.022222222222222223,0.022222222222222223,0.2222222222222222,0.022222222222222223,0.13333333333333333,0.5333333333333333,0.06666666666666667,0.08888888888888889,0.0,0.044444444444444446,0.26666666666666666,0.0,0.13333333333333333,0.06666666666666667,0.044444444444444446,0.044444444444444446,0.8444444444444444,0.022222222222222223,0.06666666666666667,0.022222222222222223,0.24444444444444444,0.13333333333333333,0.0,0.044444444444444446,0.06666666666666667,0.0,0.9777777777777777,0.022222222222222223,0.0,0.0,0.0,0.0,0.0,0.0,0.8888888888888888,0.13333333333333333,1.0,0.0,0.0,0.24444444444444444,0.0,0.17777777777777778,0.0,0.022222222222222223,0.35555555555555557,0.7111111111111111,0.0,0.0,0.9555555555555556,0.044444444444444446,0.0,0.0,0.4444444444444444,0.5333333333333333,0.0,0.0,0.022222222222222223,0.0,0.0,0.24444444444444444,0.9111111111111111,0.022222222222222223,0.7777777777777778
24,0.0,0.0,1.0,0.0,0.0,0.0,0.0,0.0,0.0,0.02857142857142857,0.08571428571428572,0.0,0.05714285714285714,0.0,0.0,0.0,0.0,0.08571428571428572,0.0,0.0,0.0,0.0,0.0,0.08571428571428572,0.02857142857142857,0.17142857142857143,0.3142857142857143,0.6285714285714286,0.0,0.02857142857142857,0.02857142857142857,0.0,0.0,0.14285714285714285,0.0,0.02857142857142857,0.11428571428571428,0.8,0.02857142857142857,0.02857142857142857,0.02857142857142857,0.08571428571428572,0.34285714285714286,0.0,0.2857142857142857,0.22857142857142856,0.2857142857142857,0.05714285714285714,0.0,0.45714285714285713,0.0,0.02857142857142857,0.17142857142857143,0.0,0.02857142857142857,0.8571428571428571,0.11428571428571428,0.9428571428571428,0.02857142857142857,0.08571428571428572,0.02857142857142857,0.0,0.08571428571428572,0.0,0.6,0.11428571428571428,0.2571428571428571,0.0,0.08571428571428572,0.9428571428571428,0.0,0.0,0.0,0.14285714285714285,0.02857142857142857,0.0,0.0,0.0,0.0,0.8,0.14285714285714285,0.2571428571428571,0.0,0.9714285714285714
25,0.01694915254237288,0.0,0.01694915254237288,0.8983050847457628,0.8983050847457628,0.01694915254237288,0.0,0.03389830508474576,0.01694915254237288,0.6271186440677966,0.7288135593220338,0.0,0.11864406779661017,0.0,0.01694915254237288,0.0,0.0,0.13559322033898305,0.05084745762711865,0.0,0.0,0.0,0.0847457627118644,0.0,0.01694915254237288,0.01694915254237288,0.9322033898305084,0.01694915254237288,0.01694915254237288,0.01694915254237288,0.01694915254237288,0.11864406779661017,0.0,0.05084745762711865,0.01694915254237288,0.05084745762711865,0.1016949152542373,0.9661016949152542,0.0,0.0847457627118644,0.05084745762711865,0.03389830508474576,0.3220338983050847,0.0,0.1864406779661017,0.13559322033898305,0.1016949152542373,0.4915254237288136,0.03389830508474576,0.03389830508474576,0.06779661016949153,0.1016949152542373,0.01694915254237288,0.15254237288135594,0.05084745762711865,0.9661016949152542,0.8305084745762712,0.3898305084745763,0.9661016949152542,0.0,0.0,0.03389830508474576,0.0,0.0,0.0,0.01694915254237288,0.03389830508474576,0.0,0.0,0.9830508474576272,0.01694915254237288,0.0,0.0,0.01694915254237288,0.03389830508474576,0.0,0.0,0.0,0.0,0.03389830508474576,0.8813559322033898,0.9830508474576272,0.01694915254237288,0.1694915254237288
26,0.0,0.0,0.018518518518518517,0.037037037037037035,0.037037037037037035,0.0,0.0,0.9444444444444444,0.0,0.0,0.018518518518518517,0.0,0.42592592592592593,0.0,0.05555555555555555,0.0,0.0,0.25925925925925924,0.0,0.0,0.7407407407407407,0.14814814814814814,0.0,0.16666666666666666,0.1111111111111111,0.25925925925925924,0.2037037037037037,0.018518518518518517,0.07407407407407407,0.0,0.05555555555555555,0.6296296296296297,0.0,0.0,0.0,0.018518518518518517,0.037037037037037035,1.0,0.0,0.0,0.0,0.0,0.037037037037037035,0.0,0.0,0.037037037037037035,0.037037037037037035,0.18518518518518517,0.3148148148148148,0.0,0.4074074074074074,0.05555555555555555,0.0,0.0,0.0,0.3888888888888889,0.018518518518518517,0.9444444444444444,0.07407407407407407,0.0,0.18518518518518517,0.018518518518518517,0.0,0.0,0.05555555555555555,0.3148148148148148,0.7592592592592593,0.037037037037037035,0.0,0.0,1.0,0.0,0.0,0.07407407407407407,0.35185185185185186,0.4074074074074074,0.037037037037037035,0.018518518518518517,0.0,0.018518518518518517,0.5185185185185185,0.9814814814814815,0.0,0.2962962962962963
27,0.023809523809523808,0.0,0.7857142857142857,0.0,0.0,0.0,0.023809523809523808,0.0,0.023809523809523808,0.7619047619047619,0.30952380952380953,0.023809523809523808,0.09523809523809523,0.0,0.0,0.0,0.0,0.47619047619047616,0.023809523809523808,0.0,0.0,0.0,0.023809523809523808,0.3333333333333333,0.2619047619047619,0.5714285714285714,0.7857142857142857,0.0,0.09523809523809523,0.0,0.2619047619047619,0.023809523809523808,0.0,0.2619047619047619,0.0,0.047619047619047616,0.21428571428571427,0.7380952380952381,0.0,0.047619047619047616,0.0,0.023809523809523808,0.4523809523809524,0.023809523809523808,0.16666666666666666,0.14285714285714285,0.023809523809523808,0.0,0.0,0.5,0.0,0.0,0.47619047619047616,0.0,0.07142857142857142,0.9523809523809523,0.19047619047619047,0.9285714285714286,0.0,0.0,0.0,0.07142857142857142,0.023809523809523808,0.0,0.023809523809523808,0.7857142857142857,0.6666666666666666,0.0,0.0,0.9761904761904762,0.0,0.023809523809523808,0.0,0.07142857142857142,0.0,0.0,0.0,0.0,0.0,0.9285714285714286,0.07142857142857142,0.5238095238095238,0.023809523809523808,0.8095238095238095
28,0.0,0.0,0.0,0.0,0.0,0.0,0.0,0.875,0.0,0.0,0.0,0.0,0.9583333333333334,0.0,0.0,0.0,0.0,0.0,0.0,0.0,0.9583333333333334,0.25,0.0,0.125,0.8333333333333334,0.8333333333333334,0.7916666666666666,0.041666666666666664,0.0,0.0,0.25,0.041666666666666664,0.0,0.0,0.0,0.0,0.0,1.0,0.0,0.0,0.0,0.041666666666666664,0.0,0.0,0.0,0.0,0.0,0.0,0.041666666666666664,0.0,0.08333333333333333,0.0,0.0,0.875,0.0,0.25,0.041666666666666664,1.0,0.041666666666666664,0.0,0.041666666666666664,0.0,0.041666666666666664,0.0,0.7083333333333334,0.3333333333333333,0.20833333333333334,0.0,0.0,0.0,1.0,0.0,0.0,0.0,0.0,0.041666666666666664,0.08333333333333333,0.041666666666666664,0.7916666666666666,0.0,0.8333333333333334,1.0,0.0,0.9166666666666666
29,0.14285714285714285,0.0,0.17142857142857143,0.0,0.0,0.0,0.08571428571428572,0.0,0.14285714285714285,0.0,0.05714285714285714,0.0,0.17142857142857143,0.02857142857142857,0.0,0.0,0.0,0.4,0.05714285714285714,0.0,0.02857142857142857,0.4,0.14285714285714285,0.2,0.08571428571428572,0.2,0.4,0.0,0.11428571428571428,0.0,0.08571428571428572,0.4,0.0,0.05714285714285714,0.0,0.05714285714285714,0.0,0.9142857142857143,0.0,0.02857142857142857,0.0,0.05714285714285714,0.02857142857142857,0.0,0.02857142857142857,0.0,0.6285714285714286,0.08571428571428572,0.0,0.22857142857142856,0.02857142857142857,0.0,0.02857142857142857,0.0,0.0,0.5714285714285714,0.05714285714285714,1.0,0.05714285714285714,0.0,0.08571428571428572,0.02857142857142857,0.08571428571428572,0.0,0.02857142857142857,0.08571428571428572,0.8571428571428571,0.0,0.0,0.6857142857142857,0.2571428571428571,0.02857142857142857,0.02857142857142857,0.05714285714285714,0.0,0.0,0.0,0.0,0.0,0.9428571428571428,0.14285714285714285,0.8571428571428571,0.14285714285714285,0.22857142857142856
30,0.0,0.0,0.0,0.0,0.0,0.0,0.0,0.0,0.0,0.0,0.0,0.0,0.25,0.0,0.0,0.0,0.0,0.11538461538461539,0.0,0.0,1.0,0.0,0.0,0.4807692307692308,0.4807692307692308,0.6923076923076923,0.019230769230769232,0.0,0.28846153846153844,0.0,0.3269230769230769,0.019230769230769232,0.0,0.019230769230769232,0.0,0.019230769230769232,0.0,1.0,0.0,0.0,0.0,0.019230769230769232,0.0,0.0,0.0,0.0,0.0,0.019230769230769232,0.0,0.0,0.09615384615384616,0.40384615384615385,0.0,0.4807692307692308,0.0,0.28846153846153844,0.0,1.0,0.019230769230769232,0.019230769230769232,0.07692307692307693,0.019230769230769232,0.019230769230769232,0.0,0.019230769230769232,0.4230769230769231,0.8076923076923077,0.17307692307692307,0.9615384615384616,0.07692307692307693,0.0,0.0,0.0,0.0,0.019230769230769232,0.17307692307692307,0.3269230769230769,0.23076923076923078,0.25,0.0,0.5,1.0,0.0,0.38461538461538464
31,0.0,0.0,0.015873015873015872,0.0,0.0,0.0,0.015873015873015872,0.0,0.0,0.12698412698412698,0.9206349206349206,0.0,0.0,0.0,0.047619047619047616,0.0,0.0,0.8412698412698413,0.0,0.0,0.015873015873015872,0.0,0.015873015873015872,0.031746031746031744,0.0,0.015873015873015872,0.9682539682539683,0.015873015873015872,0.0,0.0,0.0,0.031746031746031744,0.0,0.0,0.06349206349206349,0.031746031746031744,0.19047619047619047,0.9682539682539683,0.031746031746031744,0.12698412698412698,0.1111111111111111,0.23809523809523808,0.6666666666666666,0.0,0.20634920634920634,0.31746031746031744,0.9206349206349206,0.0,0.0,0.06349206349206349,0.0,0.0,0.015873015873015872,0.0,0.09523809523809523,1.0,0.42857142857142855,0.7301587301587301,0.0,0.0,0.015873015873015872,0.0,0.015873015873015872,0.0,0.047619047619047616,0.12698412698412698,0.9523809523809523,0.0,0.0,1.0,0.0,0.0,0.0,0.0,0.0,0.0,0.0,0.0,0.0,1.0,0.746031746031746,0.9682539682539683,0.031746031746031744,0.1746031746031746
32,0.0,0.0,0.030303030303030304,0.08080808080808081,0.08080808080808081,0.0,0.010101010101010102,0.010101010101010102,0.0,0.010101010101010102,0.020202020202020204,0.0,0.050505050505050504,0.0,0.0,0.0,0.0,0.98989898989899,0.0,0.0,0.26262626262626265,0.0,0.010101010101010102,0.010101010101010102,0.010101010101010102,0.0,0.0,0.0,0.0,0.0,0.0,0.9797979797979798,0.0,0.0,0.0,0.0,0.010101010101010102,1.0,0.0,0.010101010101010102,0.0,0.0,0.020202020202020204,0.0,0.010101010101010102,0.010101010101010102,0.0,0.9797979797979798,0.020202020202020204,0.0,0.0,0.0,0.0,0.0,0.0,0.9393939393939394,0.04040404040404041,0.98989898989899,0.0,0.0,0.10101010101010101,0.0,0.020202020202020204,0.0,0.020202020202020204,0.5454545454545454,0.8585858585858586,0.050505050505050504,0.9696969696969697,0.04040404040404041,0.020202020202020204,0.0,0.010101010101010102,0.5555555555555556,0.3939393939393939,0.030303030303030304,0.0,0.0,0.0,0.020202020202020204,0.8181818181818182,0.9696969696969697,0.010101010101010102,0.494949494949495
33,0.0,0.0,0.0,0.0,0.0,0.0,0.16666666666666666,0.020833333333333332,0.0,0.2708333333333333,0.020833333333333332,0.0,0.0,0.0,0.0,0.0,0.0,0.9583333333333334,0.0,0.020833333333333332,0.08333333333333333,0.0,0.1875,0.0,0.0,0.0,0.08333333333333333,0.0,0.020833333333333332,0.0,0.020833333333333332,0.9375,0.0,0.020833333333333332,0.041666666666666664,0.0,0.020833333333333332,0.9583333333333334,0.0,0.0,0.020833333333333332,0.041666666666666664,0.08333333333333333,0.0,0.020833333333333332,0.0625,0.9791666666666666,0.0,0.0,0.0,0.0,0.0,0.020833333333333332,0.0,0.020833333333333332,0.8333333333333334,0.125,0.9583333333333334,0.0,0.0,0.08333333333333333,0.0,0.0,0.0,0.020833333333333332,0.3125,0.9583333333333334,0.020833333333333332,0.8541666666666666,0.041666666666666664,0.10416666666666667,0.0,0.0,0.0,0.0,0.0,0.0,0.0,0.0,1.0,0.75,1.0,0.0,0.2916666666666667
34,0.0273972602739726,0.0,0.0684931506849315,0.0,0.0,0.0,0.0,0.0410958904109589,0.0273972602739726,0.0273972602739726,0.4794520547945205,0.0,0.0547945205479452,0.0,0.0684931506849315,0.0,0.0,0.9452054794520548,0.0410958904109589,0.0,0.8767123287671232,0.0,0.0410958904109589,0.0821917808219178,0.0958904109589041,0.136986301369863,0.7945205479452054,0.0958904109589041,0.0547945205479452,0.0,0.0821917808219178,0.0547945205479452,0.0,0.0410958904109589,0.0547945205479452,0.0136986301369863,0.136986301369863,0.958904109589041,0.0,0.0136986301369863,0.0,0.0136986301369863,0.3698630136986301,0.0136986301369863,0.136986301369863,0.2054794520547945,0.0,0.0136986301369863,0.7671232876712328,0.0,0.0,0.0273972602739726,0.0,0.1917808219178082,0.0136986301369863,0.9726027397260274,0.6301369863013698,0.9726027397260274,0.0,0.0273972602739726,0.1506849315068493,0.0,0.0,0.0273972602739726,0.1095890410958904,0.3972602739726027,0.7671232876712328,0.0684931506849315,0.0273972602739726,0.9452054794520548,0.0410958904109589,0.0,0.0273972602739726,0.0958904109589041,0.6027397260273972,0.0958904109589041,0.0410958904109589,0.0684931506849315,0.0821917808219178,0.0136986301369863,0.821917808219178,0.958904109589041,0.0136986301369863,0.7123287671232876
35,0.0,0.0,0.0,0.0,0.0,0.0,0.0,0.0,0.0,0.0,0.02531645569620253,0.0,0.08860759493670886,0.0,0.0,0.0,0.0,0.8607594936708861,0.012658227848101266,0.0,1.0,0.02531645569620253,0.02531645569620253,0.0,0.0,0.0,0.0,0.0,0.0,0.0,0.0,1.0,0.0,0.0,0.0,0.0,0.02531645569620253,0.9873417721518988,0.0,0.0,0.0,0.0,0.02531645569620253,0.012658227848101266,0.012658227848101266,0.0,0.0,0.0,0.17721518987341772,0.0,0.6962025316455697,0.11392405063291139,0.0,0.012658227848101266,0.0,0.9493670886075949,0.02531645569620253,1.0,0.0,0.012658227848101266,0.06329113924050633,0.012658227848101266,0.012658227848101266,0.0,0.02531645569620253,0.7341772151898734,0.9620253164556962,0.05063291139240506,1.0,0.02531645569620253,0.012658227848101266,0.0,0.012658227848101266,0.012658227848101266,0.1518987341772152,0.21518987341772153,0.6075949367088608,0.0,0.012658227848101266,0.0,0.9620253164556962,1.0,0.0,0.8354430379746836
